id	category	type	en	ko	zh	kk	bn	uz	options
Q1	Personal Background	likert	Full Name	→ 성명	姓名	Аты-ж?н?	???? ???	To'liq ism-sharifingiz	
Q2	Personal Background	likert	"Status (Regular, Transfer, Exchange)"	"→ 신분 (정규, 편입, 교환학생)"	身?（正式生、?班生、交?生）	"М?ртебес? (т?ра?ты, ауысу, алмасу)"	"?????? (???????, ??????????, ???????)"	"Holati (Doimiy, Transfer, Almashinuv)"	
Q3	Personal Background	likert	E-mail Address	→ 이메일 주소	?子?件地址	Электронды? пошта мекенжайы	?-???? ??????	Elektron pochta manzili	
Q4	Personal Background	likert	Degree	→ 학위 과정	?位?程	Д?реже	??????	Daraja	
Q5	Personal Background	likert	Status	→ 재학 상태	在校??	М?ртебес?	??????	Holati	
Q6	Personal Background	likert	"Year of Study (1st, 2nd, 3rd, 4th)"	"→ 재학 학년 (1학년, 2학년, 3학년, 4학년)"	在?年?（大一、大二、大三、大四）	"О?у жылы (1, 2, 3, 4)"	"????????? ??? (??, ???, ???, ????)"	"O'qish yili (1, 2, 3, 4)"	
Q7	Personal Background	likert	"Gender (Male, Female)"	"→ 성별 (남성, 여성)"	性?（男、女）	"Жынысы (ер, ?йел)"	"????? (?????, ?????)"	"Jinsi (Erkak, Ayol)"	
Q8	Personal Background	likert	"Age (15-20, 20-25, 25-30, 30+)"	"→ 연령 (15?20세, 20?25세, 25?30세, 30세 이상)"	年?（15?20?、20?25?、25?30?、30?以上）	"Жасы (15-20, 20-25, 25-30, 30+)"	"???? (??-??, ??-??, ??-??, ??+)"	"Yoshi (15-20, 20-25, 25-30, 30+)"	
Q9	Personal Background	likert	Country	→ 국적(국가)	?籍（?家）	Ел	???	Mamlakat	
Q10	Personal Background	text	What is your current status at the university?	→ 현재 대학에서의 신분/상태는 무엇입니까?	?目前在本校的身?/??是什?？	Университеттег? ?аз?рг? м?ртебе??з ?андай?	??????????????? ????? ??????? ?????? ???	Universitetdagi hozirgi mavqeingiz qanday?	
Q11	Orientation Week Team Building	likert	The Orientation Week Team Building challenge was well organized.	→ 오리엔테이션 주간 팀빌딩 활동은 잘 구성되어 있었습니다.	迎新周的??建?活???得?好。	Ба?ыттау апталы?ыны? команда ??ру сына?ы жа?сы ?йымдастырылды.	???????????? ???????? ??? ??????? ??????????? ???????? ????	Orientatsiya haftaligi jamoani shakllantirish musobaqasi yaxshi tashkil etilgan edi.	
Q12	Orientation Week Team Building	likert	It was a useful opportunity to prepare me for my specific program and life at Endicott (socially and academically).	→ 이 활동은 전공 프로그램과 엔디컷에서의 사회·학업 생활을 준비하는 데 유익한 기회였습니다.	??活??我今后的???程??以及在 Endicott 的社????生活提供了?好的准?机?。	Б?л мен? Эндикотта?ы на?ты ба?дарламама ж?не ?м?р?ме (?леуметт?к ж?не академиялы? т?р?ыдан) дайындау ?ш?н пайдалы м?мк?нд?к болды.	??? ???????-? ???? ????????? ????????? ??? ?????? ???? (??????? ??? ????????????) ???????? ???? ???? ???? ??????? ????? ????	Bu meni Endicottdagi maxsus dastur va hayotimga (ijtimoiy va akademik jihatdan) tayyorlash uchun foydali imkoniyat bo'ldi.	
Q13	Orientation Week Team Building	likert	"I was well informed and am aware of the basic Korean Regulations through the Orientation Week sessions (Law & Safety, Insurance and Legal presentations)."	"→ 오리엔테이션 주간 세션(법과 안전, 보험 및 법률 안내)을 통해 기본적인 한국 관련 규정을 잘 알게 되었습니다."	通?迎新周的各??座（法律?安全、保?及法律?明等），我充分了解了???相?的基本?定。	"Ба?ыттау апталы?ыны? сессиялары (???ы? ж?не ?ау?пс?зд?к, са?тандыру ж?не ???ы?ты? презентациялар) ар?ылы мен корей т?л?н?? нег?зг? ережелер?н жа?сы б?лем?н ж?не б?лем?н."	"???????????? ???????? ????????? (??? ? ?????????, ???? ??? ???? ?????????) ??????? ??? ??????? ???? ????? ??? ????? ???????? ?????????? ???????? ???? ??????"	"Men Orientatsiya haftaligi mashg'ulotlari (Huquq va xavfsizlik, Sug'urta va Huquqiy taqdimotlar) orqali Koreyaning asosiy qoidalari haqida yaxshi xabardor edim va ulardan xabardorman."	
Q14	Orientation Week Team Building	likert	Orientation Week helped me to feel as a part of a community and improve Endicott spirit.	→ 오리엔테이션 주간은 공동체의 일원이라는 느낌을 주었고 엔디컷의 공동체 의식을 높이는 데 도움이 되었습니다.	迎新周?我感受到自己是集?的一?，?有助于提升 Endicott 的社?意?。	Ба?ыттау апталы?ы ма?ан ?з?мд? ?о?амдасты?ты? б?р б?л?г? рет?нде сез?нуге ж?не Эндикот рухын жа?сарту?а к?мектест?.	???????????? ?????? ????? ???? ???????????? ??? ?????? ????? ???? ??? ????????? ?????? ????? ???? ??????? ???????	Orientatsiya haftaligi menga o'zimni jamiyatning bir qismi sifatida his qilishimga va Endicott ruhini yaxshilashga yordam berdi.	
Q15	Orientation Week Team Building	likert	My Peer Group Leader helped me to adapt to Endicott life during the orientation Week period.	→ 오리엔테이션 기간 동안 동료 그룹 리더는 제가 엔디컷 생활에 적응하도록 도와주었습니다.	在迎新期?，同伴小????助我适? Endicott 的校?生活。	Мен?? ??рдастар тобыны? жетекш?с? ба?ыттау апталы?ы кезе??нде Эндикот ?м?р?не бей?мделуге к?мектест?.	???? ?????? ????? ????? ????? ???????????? ???????? ???????? ??????? ?????? ???? ??? ?????? ???? ??????? ???????	Tengdoshlar guruhi rahbarim menga orientatsiya haftaligi davrida Endicott hayotiga moslashishga yordam berdi.	
Q16	Orientation Week Team Building	likert	"Orientation Week offered ample opportunities to network with peers, faculty, and staff."	"→ 오리엔테이션 주간은 동료 학생, 교수진, 직원들과 교류할 수 있는 충분한 기회를 제공했습니다."	迎新周?我提供了?同?、??和工作人?交流的充足机?。	"Ба?ыттау апталы?ы ??рдастарымен, о?ытушыларымен ж?не ?ызметкерлермен байланыс орнату?а ке? м?мк?нд?ктер берд?."	"???????????? ?????? ???????, ????? ??? ???????? ???? ?????????? ???? ???? ?????? ????? ?????? ???????"	"Orientatsiya haftaligi tengdoshlar, professor-o'qituvchilar va xodimlar bilan aloqa o'rnatish uchun keng imkoniyatlar yaratdi."	
Q17	Orientation Week Team Building	likert	Orientation Week Associates were helpful and cheerful.	→ 오리엔테이션 주간 진행요원들은 친절하고 적극적으로 도와주었습니다.	迎新周的工作人??情友好，??提供?助。	Ба?ыттау апталы?ыны? сер?ктестер? к?мекш?л ж?не к???лд? болды.	???????????? ???????? ???????? ?????? ??? ???????? ??????	Orientatsiya haftaligi xodimlari yordamchi va xushchaqchaq edilar.	
Q18	Orientation Week Team Building	multi	What was the most beneficial session for you?	→ 본인에게 가장 도움이 되었던 세션은 무엇이었습니까?	????，?一???最有?助？	С?з ?ш?н е? пайдалы сессия ?андай болды?	????? ???? ??????? ?????? ??????? ????? ????	Siz uchun eng foydali sessiya qaysi bo'ldi?	Legal & Immigration|Insurance|Tuition & Scholarship|Korean Law & Safety|Korean Culture|Life in Endicott|Banking|Student Council
Q19	Orientation Week Team Building	text	Additional Comments/Suggestions	→ 추가 의견/제안	其他意?／建?	?осымша п?к?рлер/?сыныстар	???????? ???????/???????	Qo'shimcha izohlar/takliflar	
Q19	Admissions	multi	Pathway to Woosong University	→ 우송대학교를 알게 된 경로	?是通?什?途?了解又松大?的？	Вусонг университет?не баратын жол	??? ???????????????? ??	Woosong universitetiga yo'l	Marketer|Friends or acquaintances|Introduction from high school|Other
Q20	Admissions	text	How would you rate your admissions procedure?	→ 입학 절차 전반에 대해 어떻게 평가하십니까?	?如何?价整?入?手?流程？	?абылдау процес?н ?алай ба?алар ед???з?	????? ????? ???????????? ???? ?????? ????????? ??????	Qabul qilish jarayonini qanday baholaysiz?	
Q21	Admissions	likert	The admissions team communicated and responded in a swift and timely manner.	→ 입학팀은 신속하고 적절한 시기에 소통하고 응대했습니다.	招生???通及?，回?迅速。	"?абылдау комиссиясы жылдам ж?не уа?тылы байланысып, жауап берд?."	????? ?? ????? ??? ?????????????? ??????? ????? ??? ???????????? ??????????	Qabul guruhi tezkor va o'z vaqtida muloqot qildi va javob berdi.	
Q22	Admissions	likert	The admissions platform/portal was user-friendly and intuitive.	→ 입학 지원 플랫폼/포털은 사용하기 편리하고 직관적이었습니다.	?上?名平台／???站使用方便、界面直?。	?абылдау платформасы/порталы пайдаланушы?а ы??айлы ж?не интуитивт? болды.	????? ???????????/????????? ???????????-?????? ??? ???????? ????	Qabul platformasi/portali foydalanuvchilar uchun qulay va intuitiv edi.	
Q23	Admissions	likert	"The availability of contact options (e.g., email, phone, chat) during the admissions process was sufficient."	"→ 입학 과정에서 제공된 연락 수단(이메일, 전화, 채팅 등)은 충분했습니다."	在入??程中提供的?系方式（如?子?件、??、聊天等）十分充足。	"?абылдау процес? кез?нде байланыс опцияларыны? (мысалы, электронды? пошта, телефон, чат) ?олжет?мд?л?г? жетк?л?кт? болды."	"????? ?????????? ???????? ????????? ??????????? (????, ????, ???, ?????) ????????? ?????? ????"	"Qabul qilish jarayonida aloqa imkoniyatlarining mavjudligi (masalan, elektron pochta, telefon, chat) yetarli edi."	
Q24	Admissions	likert	"The admissions process was inclusive and considerate of individuals from diverse backgrounds (e.g., cultural, socioeconomic, disability, etc.)."	"→ 입학 과정은 다양한 배경(문화, 사회·경제적 배경, 장애 등)을 가진 지원자들을 포용하고 배려했습니다."	入?流程能?包容?照?到具有不同背景（文化、社?????、?障等）的申?者。	"?абылдау процес? ?рт?рл? ортадан шы??ан адамдар?а (мысалы, м?дени, ?леуметт?к-экономикалы?, м?гедект?к ж?не т.б.) ?ам?орлы?пен ж?не ?ам?орлы?пен ?арады."	"????? ???????????? ??????? ??????? (????, ??????????, ????-???????, ??????????, ???????) ?????????? ???? ???????????????? ??? ??????????? ????"	"Qabul qilish jarayoni turli kelib chiqishi (masalan, madaniy, ijtimoiy-iqtisodiy, nogironlik va boshqalar) bo'lgan shaxslarni qamrab oluvchi va e'tiborli edi."	
Q25	Admissions	text	What was the most challenging part during the admissions procedure?	→ 입학 절차에서 가장 어려웠던 점은 무엇이었습니까?	在入??程中，??得最困?的部分是什?？	?абылдау процес? кез?ндег? е? ?иын кезе? не болды?	????? ?????????? ???????? ??????? ??????????? ????? ?? ????	Qabul qilish jarayonida eng qiyin qismi nima edi?	
Q26	Admissions	text	Additional Comments/Suggestions	→ 추가 의견/제안	其他意?／建?	?осымша п?к?рлер/?сыныстар	???????? ???????/???????	Qo'shimcha izohlar/takliflar	
Q26	Faculty	likert	Endicott professors have a thorough knowledge of the subject content.	→ 엔디컷 교수님들은 담당 과목 내용에 대해 깊이 있는 지식을 가지고 있습니다.	Endicott 的老??所?授的?程?容有深入的掌握。	Endicott профессорлары п?н мазм?нын толы? б?лед?.	????????? ?????????? ?????????? ???????? ????? ????? ???????	Endicott professorlari fan mazmunini chuqur bilishadi.	
Q27	Faculty	likert	Endicott has a truly multicultural faculty.	→ 엔디컷에는 진정한 다문화 교수진이 구성되어 있습니다.	Endicott ?有?正多元文化背景的???伍。	Endicott-та шынымен к?пм?дениетт? о?ытушылар ??рамы бар.	????????? ???? ?????????? ???????????? ????? ???????	Endicott chinakam ko'p madaniyatli professor-o'qituvchilarga ega.	
Q28	Faculty	likert	"Professors are approachable, helpful, friendly, professional, and competent."	"→ 교수님들은 친근하게 다가갈 수 있으며, 도움을 잘 주고, 친절하고, 전문적이며 유능합니다."	老?平易近人、?于助人、友好??且能力突出。	"Профессорлар ?олжет?мд?, к?мекш?л, досты?, к?с?би ж?не ??зыретт?."	"????????? ???????, ??????, ?????????????, ??????? ??? ?????"	"Professorlar ochiqko'ngil, yordamchi, do'stona, professional va malakali."	
Q29	Faculty	likert	Professors speak fluent English and are able to deliver the lectures in a clear and organized manner.	→ 교수님들은 유창한 영어로 강의를 명확하고 체계적으로 진행합니다.	老?能用流利的英??行授?，?解??、??合理。	Профессорлар а?ылшын т?л?нде ерк?н с?йлейд? ж?не д?р?стерд? аны? ж?не ?йымдас?ан т?рде о?и алады.	????????? ?????? ?????? ???? ????? ??? ?????? ??? ?????????? ??????? ???? ????? ???	Professorlar ingliz tilida ravon so'zlashadi va ma'ruzalarni aniq va tartibli tarzda o'qiy olishadi.	
Q30	Faculty	likert	Professors are receptive to feedback and willing to adapt their teaching style.	→ 교수님들은 피드백을 잘 수용하고 수업 방식의 변화를 기꺼이 받아들입니다.	老??于接受反?，?愿意相??整??方式。	Профессорлар кер? байланыс?а ??ла? асады ж?не о?ыту стил?н бей?мдеуге дайын.	????????? ???????????? ????? ???? ?????? ??? ????? ??????????? ????? ??? ?????? ???? ???????	Professorlar fikr-mulohazalarni qabul qilishadi va o'qitish uslublarini moslashtirishga tayyor.	
Q31	Faculty	likert	Professors encourage open discussions and critical thinking during classes.	→ 교수님들은 수업 중 열린 토론과 비판적 사고를 장려합니다.	老?在?堂上鼓??放??和批判性思?。	Профессорлар саба? кез?нде ашы? тал?ылаулар мен сыни ойлауды ?олдайды.	????????? ????? ???????? ???????? ?????? ??? ???????????? ????????????? ??????? ?????	Professorlar darslar davomida ochiq munozaralar va tanqidiy fikrlashni rag'batlantiradilar.	
Q32	Faculty	likert	My professors treated all students in a fair way.	→ 교수님들은 모든 학생을 공정하게 대했습니다.	老??所有?生一?同仁。	Мен?? профессорларым барлы? студенттерге ?д?л ?арады.	???? ????????? ??? ???????????? ???? ??????? ???? ??????	Mening professorlarim barcha talabalarga adolatli munosabatda bo'lishdi.	
Q33	Faculty	likert	Professors create a collaborative environment that fosters mutual respect and effective communication among students.	→ 교수님들은 학생들 간의 상호 존중과 효과적인 의사소통을 촉진하는 협력적인 수업 환경을 조성합니다.	老??造了一?促??生之?相互尊重和有效?通的合作式?堂?境。	Профессорлар студенттер арасында ?зара ??рмет пен ти?мд? ?арым-?атынасты ?алыптастыратын ынтыма?тасты? ортасын жасайды.	????????? ???? ???????????? ?????? ???? ???? ?? ????????????? ????? ????????? ??????? ??? ??????? ????????? ??????? ????	Professorlar talabalar o'rtasida o'zaro hurmat va samarali muloqotni rivojlantiradigan hamkorlik muhitini yaratadilar.	
Q34	Faculty	likert	Professors care about my academic development and understand my learning needs.	→ 교수님들은 제 학업 성장을 중요하게 생각하고 제 학습 요구를 잘 이해합니다.	老??心我的???展，?理解我的??需求。	Профессорлар мен?? академиялы? дамуыма ?ам?орлы? жасайды ж?не о?у ?ажетт?л?ктер?мд? т?с?нед?.	????????? ???? ???????? ??????? ????? ??????? ??? ???? ????? ?????????? ??????	Professorlar mening akademik rivojlanishimga g'amxo'rlik qiladilar va mening o'quv ehtiyojlarimni tushunadilar.	
Q35	Faculty	likert	"Professors respect and support my unique background, identity, and experiences when providing guidance."	"→ 교수님들은 지도 과정에서 저의 고유한 배경, 정체성, 경험을 존중하고 지원합니다."	老?在指??程中尊重?支持我?特的背景、身?和??。	"Профессорлар мен?? ерекше ?м?рбаянымды, жеке басымды ж?не т?ж?рибемд? ??рметтейд? ж?не басшылы? берген кезде ?олдайды."	"????????? ????????? ???????? ???? ???? ????? ??????, ?????? ??? ?????????? ?????? ???? ??? ?????? ?????"	"Professorlar mening noyob kelib chiqishim, shaxsiyatim va tajribalarimni hurmat qiladilar va ularga yo'l-yo'riq ko'rsatadilar."	
Q36	Faculty	likert	"My professors treated me with respect, and I felt safe around them."	"→ 교수님들은 저를 존중해 주었고, 교수님들과 함께 있을 때 편안하고 안전하다고 느꼈습니다."	老?尊重我，?我在?老?相??感到舒适和安全。	"Профессорларым ма?ан ??рметпен ?арады, мен оларды? ?асында ?з?мд? ?ау?пс?з сез?нд?м."	???? ????????? ???? ???? ???????? ???? ???? ????? ??? ??? ????? ??????? ?????? ??? ??????	Professorlarim menga hurmat bilan munosabatda bo'lishdi va men ularning yonida o'zimni xavfsiz his qildim.	
Q37	Faculty	likert	Professors are accessible outside class time.	→ 교수님들은 수업 시간 외에도 쉽게 연락하고 찾아갈 수 있습니다.	老?在非上???也?容易?系和?求?助。	Профессорлар саба?тан тыс уа?ытта ?олжет?мд?.	????????? ??????? ?????? ???????????????	Professorlar darsdan tashqari vaqtda kirish imkoniyatiga ega.	
Q38	Faculty	likert	I feel that professors at SolBridge are committed to fostering my personal and professional growth.	→ 솔브리지 교수님들은 제 개인적·직업적 성장을 지원하는 데 전념하고 있다고 느낍니다.	我?得 SolBridge 的老?致力于促?我?人和???展的成?。	SolBridge профессорлары мен?? жеке ж?не к?с?би ?су?ме ы?пал етуге м?ндеттенед? деп ойлаймын.	??? ??? ??? ?? ????????? ????????? ???? ????????? ??? ??????? ??????? ??????? ???? ???? ????????????????	Men SolBridge professorlari mening shaxsiy va professional o'sishimni rivojlantirishga sodiq deb hisoblayman.	
Q39	Faculty	text	Additional Comments/Suggestions	→ 추가 의견/제안	其他意?／建?	?осымша п?к?рлер/?сыныстар	???????? ???????/???????	Qo'shimcha sharhlar/takliflar	
Q39	Education and Curriculum	likert	I feel that my academic experiences are preparing me to achieve my goals.	→ 제 학업 경험은 제 목표를 달성하는 데 잘 준비시켜 주고 있다고 느낍니다.	我?得自己的????正在?好地?助我??目?。	Мен?? академиялы? т?ж?рибем мен? ма?саттарыма жетуге дайындап жатыр деп ойлаймын.	??? ??? ??? ?? ???? ???????? ???????? ????? ???? ?????? ??????? ???? ???????? ?????	Men akademik tajribam meni maqsadlarimga erishishga tayyorlayotganiga ishonaman.	
Q40	Education and Curriculum	likert	"Course activities (through presentations, assignments, discussions etc.) have included varied perspectives (both online and offline)."	"→ 수업 활동(발표, 과제, 토론 등)은 온·오프라인 모두에서 다양한 관점을 반영했습니다."	?堂活?（演示、作?、??等）在?上?下都??了多元的?点。	"Курс ?с-шаралары (презентациялар, тапсырмалар, тал?ылаулар ж?не т.б. ар?ылы) ?рт?рл? к?з?арастарды (онлайн ж?не офлайн) ?амтыды."	"????? ????????? (????????????, ?????????????, ?????? ???????? ???????) ??????? ??????????? (?????? ??? ?????? ????) ??????????? ??????"	"Kurs faoliyati (taqdimotlar, topshiriqlar, muhokamalar va boshqalar orqali) turli nuqtai nazarlarni (ham onlayn, ham oflayn) o'z ichiga olgan."	
Q41	Education and Curriculum	likert	I have gained a global perspective on a variety of issues through my studies.	→ 학업을 통해 다양한 이슈에 대한 글로벌 관점을 갖게 되었습니다.	通???，我?各???形成了全球化?角。	О?уым ар?ылы ?рт?рл? м?селелер бойынша жа?анды? к?з?арас?а ие болдым.	??? ???? ????????? ??????? ??????? ?????? ???? ??????????? ??????????? ????? ??????	Men o'qishim orqali turli masalalar bo'yicha global nuqtai nazarga ega bo'ldim.	
Q42	Education and Curriculum	likert	I have developed skills to contribute effectively in team settings as a result of my coursework and activities.	→ 수업과 활동을 통해 팀 환경에서 효과적으로 기여할 수 있는 역량을 개발했습니다.	通??程和各?活?，我培?了在???境中有效做出??的能力。	Курс ж?мысым мен ?с-шараларымны? н?тижес?нде командалы? ортада ти?мд? ?лес ?осу да?дыларын дамыттым.	???? ???????????? ??? ??????????? ??? ??? ??? ??????? ??????????? ????? ????? ?????? ????? ??????	Men kurs ishlarim va mashg'ulotlarim natijasida jamoaviy sharoitlarda samarali hissa qo'shish ko'nikmalarini rivojlantirdim.	
Q43	Education and Curriculum	likert	I have gained hands-on experience in some of my classes.	→ 일부 수업에서 실질적인 실습 경험을 얻었습니다.	在部分?程中，我?得了??操作的??。	Кейб?р саба?тарымда практикалы? т?ж?рибе жина?тадым.	??? ???? ???? ?????? ????-???? ???????? ????? ??????	Men ba'zi darslarimda amaliy tajriba orttirdim.	
Q44	Education and Curriculum	likert	I have developed skills to contribute effectively in team settings as a result of my coursework and activities.	→ 수업과 활동을 통해 팀 환경에서 효과적으로 기여할 수 있는 능력을 길렀습니다.	通??程和活?，我?一步提升了在??中有效??作用的能力。	Курс ж?мысым мен ?с-шараларымны? н?тижес?нде командалы? ортада ти?мд? ?лес ?осу да?дыларын дамыттым.	???? ???????????? ??? ??????????? ??? ??? ??? ??????? ??????????? ????? ????? ?????? ????? ??????	Men kurs ishlarim va mashg'ulotlarim natijasida jamoaviy sharoitlarda samarali hissa qo'shish ko'nikmalarini rivojlantirdim.	
Q45	Education and Curriculum	likert	There are a variety of courses for me to choose from that I find interesting and relevant.	→ 흥미롭고 제게 적절한 다양한 과목들을 선택할 수 있습니다.	我可以??多有趣且?我相?的?程中?行??。	Ма?ан ?ызы?ты ж?не ?зект? деп санайтын ?рт?рл? курстар бар.	???? ???? ??????? ????? ????? ??? ?????? ???? ??? ???? ???? ???? ?? ???? ???? ????????? ??? ?????????? ??? ??? ????	Men uchun qiziqarli va dolzarb deb biladigan turli xil kurslar mavjud.	
Q46	Education and Curriculum	likert	I am able to effectively communicate to a diverse audience through my classes.	→ 수업을 통해 다양한 사람들을 대상으로 효과적으로 의사소통할 수 있게 되었습니다.	通??程??，我能?更有效地?不同背景的???行?通。	Мен саба?тарым ар?ылы ?рт?рл? аудиториямен ти?мд? байланыс орната аламын.	??? ???? ??????? ??????? ??????? ??????? ???? ??????????? ??????? ???? ??????	Men darslarim orqali turli auditoriya bilan samarali muloqot qila olaman.	
Q47	Education and Curriculum	likert	My courses have helped me develop practical skills that will be useful in my future career.	→ 수강한 과목들은 앞으로의 진로에 유용한 실무 능력을 키우는 데 도움이 되었습니다.	所修?程?助我培?了?未???有用的??技能。	Мен?? курстарым болаша? мансабымда пайдалы болатын практикалы? да?дыларды дамыту?а к?мектест?.	???? ????????? ????? ????????? ?????? ?????? ??????? ????? ?? ???? ????????? ????????? ??????? ????	Mening kurslarim kelajakdagi faoliyatimda foydali bo'ladigan amaliy ko'nikmalarni rivojlantirishga yordam berdi.	
Q48	Education and Curriculum	likert	The program has equipped me with the necessary technical or subject-specific skills relevant to my field of study.	→ 이 프로그램은 제 전공 분야와 관련된 필수 기술 및 전공지식을 갖추게 해주었습니다.	??目使我掌握了?自己???域相?的必要技?和??知?。	Ба?дарлама мен? о?у салама ?атысты ?ажетт? техникалы? немесе п?нге т?н да?дылармен ?амтамасыз етт?.	?? ??????????? ????? ???? ????????? ???????? ?????????? ??????????? ??????????? ?? ?????-????????? ?????? ????? ?????? ??????	Dastur meni o'qish sohamga tegishli zarur texnik yoki fanga oid ko'nikmalar bilan ta'minladi.	
Q49	Education and Curriculum	likert	I have gained an array of knowledge of cultural diversity and variation.	→ 저는 문화적 다양성과 차이에 대한 폭넓은 지식을 얻었습니다.	我?得了?于文化多?性和差?的?泛知?。	Мен м?дени ?рт?рл?л?к пен вариация туралы к?птеген б?л?м алдым.	??? ?????????? ????????? ??? ????????? ???????? ??????? ???? ??????? ????? ??????	Men madaniy xilma-xillik va o'zgaruvchanlik haqida ko'plab bilimlarga ega bo'ldim.	
Q50	Education and Curriculum	likert	My classes program has helped me improve my ability to effectively communicate ideas in both written and verbal formats.	→ 수업과 프로그램은 제가 글쓰기와 말하기 모두에서 생각을 효과적으로 전달하는 능력을 향상시키는 데 도움이 되었습니다.	?程??目有助于提高我以?面和口?形式有效表?思想的能力。	Мен?? саба? ба?дарламасым идеяларды жазбаша ж?не ауызша т?рде ти?мд? жетк?зу ?аб?лет?мд? жа?сарту?а к?мектест?.	???? ????? ????????? ????? ????? ??? ????? ???? ????????? ????????? ??????????? ??????? ???? ?????? ????? ???? ??????? ??????	Mening darslarim dasturi menga fikrlarni yozma va og'zaki shakllarda samarali yetkazish qobiliyatimni oshirishga yordam berdi.	
Q51	Education and Curriculum	likert	The AIEP Club Activity provides great opportunities for students.	→ AIEP 동아리 활동은 학생들에게 매우 좋은 기회를 제공합니다.	AIEP 社?活???生提供了非常好的机?。	AIEP клубыны? ?с-шарасы студенттер ?ш?н керемет м?мк?нд?ктер беред?.	AIEP ????? ???????????? ????????????? ???? ????????? ????? ?????? ????	AIEP klubi faoliyati talabalar uchun ajoyib imkoniyatlar yaratadi.	
Q52	Education and Curriculum	likert	There are valuable lessons to be learned through the AIEP Club Activity.	→ AIEP 동아리 활동을 통해 배울 수 있는 가치 있는 점들이 많습니다.	通??加 AIEP 社?活?，可以?到?多有价?的?西。	AIEP клубыны? ?с-шарасы ар?ылы алу?а болатын ??нды саба?тар бар.	AIEP ????? ????????????? ??????? ????? ??? ???????? ?????? ???????	AIEP klubi faoliyati orqali o'rganish mumkin bo'lgan qimmatli saboqlar mavjud.	
Q53	Education and Curriculum	likert	I am willing to recommend the AIEP Club Activity to other friends.	→ 저는 AIEP 동아리 활동을 다른 친구들에게도 추천하고 싶습니다.	我愿意向其他同?推? AIEP 社?活?。	Мен AIEP клубыны? ?с-шарасын бас?а достарыма ?сыну?а дайынмын.	??? ???????? ???????? ???? AIEP ????? ???????????? ??????? ???? ???????	Men AIEP klubi faoliyatini boshqa do'stlarimga tavsiya qilishga tayyorman.	
Q54	Education and Curriculum	text	Are there any aspects of the AIEP Club Activity that need improvement?	→ AIEP 동아리 활동에서 개선이 필요하다고 생각되는 부분이 있습니까?	??? AIEP 社?活?中有?些方面需要改?？	AIEP клубыны? ?с-шарасыны? жа?сартуды ?ажет етет?н аспект?лер? бар ма?	AIEP ????? ????????????? ??? ???? ??? ??? ?? ?????? ??????? ?????????	AIEP klubi faoliyatining takomillashtirishga muhtoj bo'lgan biron bir jihati bormi?	
Q55	Education and Curriculum	text	Additional Comments/Suggestions	→ 추가 의견/제안	其他意?／建?	?осымша п?к?рлер/?сыныстар	???????? ???????/???????	Qo'shimcha izohlar/takliflar	
Q55	Academic Advisor	likert	The academic advisor is knowledgeable about requirements for my graduation.	→ 학사 상담교수는 제 졸업 요건에 대해 잘 알고 있습니다.	??指?老?非常了解我的??要求。	Академиялы? жетекш? мен?? б?т?ру?ме ?ойылатын талаптар туралы б?лед?.	???? ???????? ???? ????????????? ???????? ?????? ???????? ???????	Akademik maslahatchi mening bitiruvim uchun talablar haqida yaxshi ma'lumotga ega.	
Q56	Academic Advisor	likert	I have received sufficient advice and guidance in relation to my courses.	→ 저는 수강 과목과 관련하여 충분한 조언과 지도를 받았습니다.	在??等方面，我得到了充分的建?和指?。	Мен курстарыма ?атысты жетк?л?кт? ке?естер мен н?с?аулар алдым.	??? ???? ????? ???????? ???????? ??????? ??? ????????? ????????	Men kurslarim bo'yicha yetarli maslahat va ko'rsatmalar oldim.	
Q57	Academic Advisor	likert	Good advice was available when I needed to make study choices on my courses.	→ 과목 선택 등 학업 관련 결정을 해야 할 때 적절한 조언을 받을 수 있었습니다.	在需要做出?程相????策?，我能??得合适的建?。	Курстарым бойынша о?у та?дауын жасау ?ажет бол?ан кезде жа?сы ке?естер бер?лд?.	???? ??????????? ????????? ????? ???? ???????? ??? ???? ??????? ?????? ????	Kurslarim bo'yicha o'qishni tanlashim kerak bo'lganda yaxshi maslahatlar mavjud edi.	
Q58	Academic Advisor	likert	It was easy to contact the academic advisor and set up an appointment (online and offline).	→ 학사 상담교수에게 연락하고 온라인·오프라인 상담 일정을 잡는 것이 쉬웠습니다.	???指?老??系????上或?下面?都?方便。	Академиялы? ке?есш?мен байланысу ж?не кездесуд? белг?леу о?ай болды (онлайн ж?не офлайн).	?????? ????????? ???? ??????? ??? ??? ???????????????? (?????? ??? ??????) ???????? ??? ??? ????	Akademik maslahatchi bilan bog'lanish va uchrashuvni belgilash (onlayn va oflayn) oson edi.	
Q59	Academic Advisor	likert	"My academic advisor respects and supports my unique background, identity, and experiences when providing guidance."	"→ 학사 상담교수는 상담 과정에서 저의 고유한 배경, 정체성, 경험을 존중하고 지원합니다."	??指?老?在咨??程中尊重?支持我?特的背景、身?和??。	"Академиялы? ке?есш?м ке?ес берген кезде мен?? ерекше ?м?рбаянымды, жеке басымды ж?не т?ж?рибемд? ??рметтейд? ж?не ?олдайды."	"???? ?????? ???????? ????????? ???????? ???? ???? ????? ??????, ?????? ??? ?????????? ?????? ???? ??? ?????? ?????"	"Akademik maslahatchim yo'l-yo'riq ko'rsatishda mening noyob tajribamni, shaxsiyatimni va tajribamni hurmat qiladi va qo'llab-quvvatlaydi."	
Q60	Academic Advisor	likert	"My academic advisor has helped me explore opportunities for post-graduation, such as internships, research positions, or further study."	"→ 학사 상담교수는 인턴십, 연구직, 추가 학위 과정 등 졸업 후 진로 기회를 탐색하는 데 도움을 주었습니다."	??指?老??助我探索??、?究?位和??深造等??后的?展机?。	"Академиялы? ке?есш?м ма?ан та?ылымдамадан ?ту, ?ылыми лауазымдар немесе одан ?р? о?у сия?ты аспирантура м?мк?нд?ктер?н зерттеуге к?мектест?."	"???? ?????? ???????? ????? ????????????? ????????? ??????? ???? ??????? ??????, ???? ???????????, ?????? ??, ?? ??? ?????????"	"Akademik maslahatchim menga amaliyot, ilmiy lavozimlar yoki qo'shimcha o'qish kabi aspirantura imkoniyatlarini o'rganishda yordam berdi."	
Q61	Academic Advisor	likert	The academic advisor helps me set goals to work towards.	→ 학사 상담교수는 제가 향후를 위해 노력해야 할 목표를 설정하도록 도와줍니다.	??指?老??助我?定今后努力?成的目?。	Академиялы? ке?есш? ма?ан ал?а жылжу ?ш?н ма?саттар ?ою?а к?мектесед?.	?????? ???????? ????? ?????? ???????? ???? ??????? ?????	Akademik maslahatchi menga intilish uchun maqsadlar qo'yishda yordam beradi.	
Q62	Academic Advisor	likert	I fully understand the career-tracks.	→ 저는 제공되는 진로 트랙을 충분히 이해하고 있습니다.	我??校提供的各????展路?有充分了解。	Мен мансапты? ба?ыттарды толы? т?с?нем?н.	??? ???????????? ?????? ???????????? ????? ?????	Men martaba yo'nalishlarini to'liq tushunaman.	
Q63	Academic Advisor	text	Additional Comments/Suggestions	→ 추가 의견/제안	其他意?／建?	?осымша п?к?рлер/?сыныстар	???????? ???????/???????	Qo'shimcha izohlar/takliflar	
Q63	Academic Affairs	likert	"When I go to the Academic Affairs Office on the W19 2nd floor, I know who is responsible for what and whom I need to approach to deal with my situation."	"→ W19 2층 학사과에 갈 때, 어떤 업무를 누가 담당하는지, 제 상황을 위해 누구를 찾아가야 하는지 알고 있습니다."	?我前往 W19 二?????，我?楚每???由???，也知道??自己的情?????。	"W19 2-?абатында?ы Академиялы? ?стер ке?сес?не бар?ан кезде, мен к?м не ?ш?н жауапты екен?н ж?не жа?дайымды шешу ?ш?н к?мге хабарласуым керект?г?н б?лем?н."	"??? ??? W19 ???????? ????? ??????? ???????? ???????????? ????? ???, ??? ??? ???? ?? ???? ????????? ???????? ???? ???? ????? ??? ??? ???? ??????? ???? ????"	"W19 2-qavatidagi Akademik ishlar bo'limiga borganimda, kim nima uchun mas'ul ekanligini va vaziyatimni hal qilish uchun kimga murojaat qilishim kerakligini bilaman."	
Q64	Academic Affairs	likert	"The staff in the Academic Affairs Office is approachable, helpful, friendly, professional, and competent."	"→ 학사과 직원들은 쉽게 다가갈 수 있고, 도움을 잘 주며, 친절하고, 전문적이며 유능합니다."	???工作人?平易近人、?于助人、友好??且能力出?。	"Академиялы? ?стер б?л?м?н?? ?ызметкерлер? ашы?, к?мекш?л, досты?, к?с?би ж?не б?л?кт?."	"???????? ???????????? ?????? ??????? ???????, ??????, ?????????????, ??????? ??? ?????"	"Akademik ishlar bo'limi xodimlari ochiqko'ngil, yordamchi, do'stona, professional va malakali."	
Q65	Academic Affairs	likert	"I am familiar with the academic calendar and the academic policies in Endicott, such as adding/dropping courses, grading system, credit requirement, official excuse, leave of absence, returning to school, etc."	"→ 저는 엔디컷의 학사 일정과 수강 신청/취소, 성적 평가 방식, 이수 학점 기준, 공결, 휴학, 복학 등 학사 규정을 잘 알고 있습니다."	我熟悉 Endicott 的?年日程以及??／退?、?分方式、?分要求、?假、休?、??等???定。	"Мен Эндикотта?ы академиялы? к?нт?збемен ж?не академиялы? саясатпен таныспын, мысалы, курстарды ?осу/алып тастау, ба?алау ж?йес?, кредит талабы, ресми сылтау, демалыс, о?у?а оралу ж?не т.б."	"??? ????????? ???????? ??????????? ??? ???????? ????????? ???? ??????, ???? ????? ??? ???/???? ??????, ??????? ???????, ??????? ?????????????, ????????? ??????, ??????????? ????, ?????? ???? ??? ????????"	"Men Endicottdagi akademik taqvim va akademik siyosatlar bilan tanishman, masalan, kurslarni qo'shish/tushirish, baholash tizimi, kredit talabi, rasmiy uzr, ta'til, o'qishga qaytish va boshqalar."	
Q66	Academic Affairs	likert	"I am familiar with the types of academic documents issued by the Academic Affairs Office, such as transcripts, certificate of enrolment, etc., and I know where to get them."	"→ 저는 학사과에서 발급하는 성적표, 재학증명서 등 학사 문서의 종류를 알고 있으며, 발급 장소도 잘 알고 있습니다."	我了解???可以?具的各??籍?明，如成??、在??明等，也?楚在?里?理。	"Мен Академиялы? ?стер б?л?м?н?? транскрипттер?, о?у?а т?су туралы ку?л?г? ж?не т.б. сия?ты академиялы? ??жаттарыны? т?рлер?мен таныспын ж?не оларды ?айдан алу керект?г?н б?лем?н."	"??? ??????? ?????? ???? ??? ???????? ???? ???????? ???? ??????, ???? ??????????????, ????????????? ??????????? ???????, ??? ??? ???? ?? ?????? ?????? ????"	"Men Akademik ishlar bo'limi tomonidan beriladigan akademik hujjatlar turlari, masalan, transkriptlar, ro'yxatdan o'tish sertifikati va boshqalar bilan tanishman va ularni qaerdan olishni bilaman."	
Q67	Academic Affairs	likert	Endicott offers a world-class curriculum.	→ 엔디컷은 세계적 수준의 교육과정을 제공합니다.	Endicott 提供世界一流的?程?系。	Эндикот ?лемд?к де?гейдег? о?у ба?дарламасын ?сынады.	??????? ???? ?????????? ????????? ???? ????	Endicott jahon darajasidagi o'quv dasturini taklif qiladi.	
Q68	Academic Affairs	likert	The class schedule is reasonable and convenient.	→ 수업 시간표는 합리적이고 편리합니다.	?程??安排合理、方便。	Саба? кестес? а?ыл?а ?онымды ж?не ы??айлы.	??????? ???????? ??????????? ??? ??????????	Dars jadvali oqilona va qulay.	
Q69	Academic Affairs	likert	The curriculum and classroom discussions reflect diverse global perspectives and respect cultural differences.	→ 교육과정과 수업 토론은 다양한 글로벌 관점을 반영하며 문화적 차이를 존중합니다.	?程?置??堂????了多元的全球?角，?尊重文化差?。	О?у ба?дарламасы мен сыныпта?ы тал?ылаулар ?рт?рл? жа?анды? к?з?арастарды к?рсетед? ж?не м?дени айырмашылы?тарды ??рметтейд?.	????????? ??? ?????????? ?????? ??????? ??????????? ??????????? ????????? ??? ??? ?????????? ?????????? ?????? ????	O'quv dasturi va sinfdagi muhokamalar turli global nuqtai nazarlarni aks ettiradi va madaniy farqlarni hurmat qiladi.	
Q70	Academic Affairs	likert	"Academic Affair Department respects and supports my unique background, identity, and experiences when providing guidance."	"→ 학사과는 안내 및 상담 과정에서 저의 고유한 배경, 정체성, 경험을 존중하고 지원합니다."	???在提供咨?和?助?，尊重?支持我?特的背景、身?和??。	"Академиялы? ?стер б?л?м? басшылы? берген кезде мен?? ерекше ?м?рбаянымды, жеке басымды ж?не т?ж?рибемд? ??рметтейд? ж?не ?олдайды."	"?????? ?????? ????? ????????? ???????? ???? ???? ????? ??????, ?????? ??? ?????????? ?????? ??? ??? ?????? ????"	"Akademik ishlar bo'limi ko'rsatmalar berishda mening noyob kelib chiqishim, shaxsiyatim va tajribalarimni hurmat qiladi va qo'llab-quvvatlaydi."	
Q71	Academic Affairs	likert	I am aware of the courses I need to take and the sequence I should take for graduation/transfer.	→ 졸업 또는 편입을 위해 어떤 과목을 어떤 순서로 수강해야 하는지 알고 있습니다.	我?楚???或??需要?修?些?程以及修?的先后?序。	Мен о?уым керек курстарды ж?не б?т?ру/ауысу ?ш?н ?андай ретт?л?кпен о?уым керект?г?н б?лем?н.	??? ??????/???????????? ???? ???? ?? ????????? ????? ??? ???? ??? ?????? ????? ??? ???? ?? ???????? ??????	Men o'qishim kerak bo'lgan kurslar va bitiruv/o'qishni o'tkazish uchun o'qishim kerak bo'lgan ketma-ketlikdan xabardorman.	
Q72	Academic Affairs	likert	The overall course registration process is convenient.	→ 전체 수강 신청 절차는 편리합니다.	整???流程十分便利。	Курс?а т?ркелуд?? жалпы процес? ы??айлы.	???????? ????? ??????? ???????????? ??????????	Kursga ro'yxatdan o'tishning umumiy jarayoni qulay.	
Q73	Academic Affairs	likert	There is commitment to academic excellence in both service and intellectual/research manner.	→ 엔디컷은 행정 서비스와 교육·연구 측면 모두에서 학문적 우수성을 위해 노력하고 있습니다.	Endicott 在行政服????科??方面都致力于追求??卓越。	?ызмет к?рсету ж?не интеллектуалды?/зерттеу т?р?ысынан академиялы? жет?ст?кке ?мтылу бар.	???? ??? ???????/?????? ???? ????????? ???????? ????????? ????? ?????????????	Xizmat ko'rsatish va intellektual/tadqiqot sohasida akademik mukammallikka sodiqlik mavjud.	
Q74	Academic Affairs	likert	"The Welcome Convocation (Start of the semester) and Commencement (end of semester) are well-organized, and I enjoy taking part in them."	"→ 개강 행사와 학기말 졸업식은 잘 운영되며, 저는 이 행사에 참여하는 것을 즐깁니다."	??典?和?期末的??典???有序，我也?享受???些活?。	?ош келд???здер жиналысы (семестрд?? басы) ж?не о?уды б?т?ру (семестрд?? со?ы) жа?сы ?йымдастырыл?ан ж?не мен олар?а ?атысуды ?натамын.	"??????? ???????? (??????????? ????) ??? ???? (??????????? ???) ????????, ??? ??? ??? ???????? ???? ????? ????"	Xush kelibsiz uchrashuvi (semestr boshlanishi) va bitiruv (semestr oxirida) yaxshi tashkil etilgan va men ularda ishtirok etishdan zavqlanaman.	
Q75	Academic Affairs	text	Additional Comments/Suggestions	→ 추가 의견/제안	其他意?／建?	?осымша п?к?рлер/?сыныстар	???????? ???????/???????	Qo'shimcha sharhlar/takliflar	
Q75	Study Abroad	likert	I am fully informed of exchange opportunities available to me.	→ 저는 저에게 제공되는 교환학생 기회에 대해 충분히 알고 있습니다.	我?自己可?得的交??目机?非常了解。	Менде ?олжет?мд? алмасу м?мк?нд?ктер? туралы толы? а?парат бар.	???? ???? ?????? ??????? ????????? ???????? ??? ???????????? ??????	Men uchun mavjud almashinuv imkoniyatlari haqida to'liq xabardorman.	
Q76	Study Abroad	likert	"Endicott takes an active interest in promoting student exchange, dual degree opportunities for students."	→ 엔디컷은 학생 교환 및 복수학위 기회를 적극적으로 장려하고 있습니다.	Endicott ??推??生交????位?目。	"Endicott студенттер алмасуын, студенттерге арнал?ан ?ос диплом м?мк?нд?ктер?н ?лгер?летуге белсенд? ?ызы?ушылы? танытады."	"??????? ????? ???????, ????????????? ???? ????? ?????? ????? ??????? ??????? ???????"	"Endicott talabalar almashinuvini, talabalar uchun ikki tomonlama diplom olish imkoniyatlarini ilgari surishda faol ishtirok etadi."	
Q77	Study Abroad	likert	"When I seek information about exchange and dual degree opportunities, I know where to go, who is responsible, and whom I need to approach to deal with my situation."	"→ 교환·복수학위 프로그램에 대한 정보를 찾을 때, 어디로 가야 하고 누가 담당자인지, 제 상황을 위해 누구를 찾아가야 하는지 알고 있습니다."	?我想了解交?或??位?目?，我知道?去?里、??位??人以及如何就自身情??求?助。	"Мен алмасу ж?не ?ос диплом м?мк?нд?ктер? туралы а?парат ?здеген кезде, ?айда бару керект?г?н, к?м жауапты екен?н ж?не жа?дайымды шешу ?ш?н к?мге ж?г?ну керект?г?н б?лем?н."	"??? ??? ??????? ??? ????? ?????? ????? ???????? ???? ???, ??? ??? ???? ?????? ???? ???, ?? ????? ??? ???? ????????? ???????? ???? ???? ???? ??? ???? ??????? ??? ?????"	"Men almashinuv va ikki tomonlama diplom olish imkoniyatlari haqida ma'lumot qidirganimda, qayerga borishni, kim mas'ul ekanligini va vaziyatimni hal qilish uchun kimga murojaat qilishim kerakligini bilaman."	
Q78	Study Abroad	likert	"I receive sufficient support after completing an exchange or dual-degree program, such as credit transfer assistance and integration back into my studies."	"→ 교환 또는 복수학위 프로그램을 마친 후, 학점 인정 및 복학·학업 적응을 위한 충분한 지원을 받고 있습니다."	在完成交?或??位?目后，我在?分??以及重新?接??方面得到了充分支持。	"Мен алмасу немесе ?ос диплом ба?дарламасын ая?та?аннан кей?н жетк?л?кт? ?олдау аламын, мысалы, кредиттерд? аудару?а к?мек ж?не о?уыма ?айта интеграциялау."	"???? ??????? ?? ?????-?????? ????????? ??????? ???? ??? ??? ???????? ??????? ???, ???? ??????? ?????????? ??????? ??? ???? ?????????? ???? ???? ???? ???????"	"Men almashinuv yoki ikki tomonlama diplom dasturini tugatgandan so'ng, kredit o'tkazish yordami va o'qishimga qayta integratsiya kabi yetarli yordam olaman."	
Q79	Study Abroad	likert	"Exchange and dual-degree opportunities at Endicott are accessible and promoted equitably to students from all backgrounds (e.g., nationality, financial status, language ability, etc.)."	"→ 엔디컷의 교환 및 복수학위 기회는 국적, 경제적 여건, 언어 능력 등 다양한 배경의 학생들에게 공평하게 제공·홍보되고 있습니다."	Endicott 的交?和??位机?能公平地向不同?籍、????和?言能力等背景的?生?放??行宣?。	"Endicott-та?ы алмасу ж?не ?ос диплом м?мк?нд?ктер? барлы? ортадан шы??ан студенттер ?ш?н ?олжет?мд? ж?не ?д?л т?рде насихатталады (мысалы, азаматты?ы, ?аржылы? жа?дайы, т?лд?к ?аб?лет? ж?не т.б.)."	"???????? ??????? ??? ?????-?????? ????????? ??? ??????? (????, ????????, ?????? ??????, ?????? ?????? ???????) ????????????? ???? ???????? ?????????????? ??? ???????? ????"	"Endicottdagi almashinuv va ikki tomonlama diplom olish imkoniyatlari barcha kelib chiqishi (masalan, millati, moliyaviy holati, til bilishi va boshqalar) bo'lgan talabalar uchun ochiq va adolatli ravishda targ'ib qilinadi."	
Q80	Study Abroad	likert	Scheduling and time for appointments was available and useful.	→ 상담 일정과 시간은 충분히 제공되었고 도움이 되었습니다.	咨??段和????安排充足且?我?有?助。	Кездесулерд? жоспарлау ж?не уа?ыт ?олжет?мд? ж?не пайдалы болды.	???????? ??? ?????????????????? ???? ?????? ??? ??????? ????	Uchrashuvlarni rejalashtirish va vaqt mavjud va foydali edi.	
Q81	Study Abroad	likert	Study Abroad Booklets are easy to receive and understand.	→ 해외교류 안내 책자는 받기 쉽고 이해하기도 쉽습니다.	海外交流手?易于?取，也便于理解。	Шетелде о?у к?тапшаларын алу ж?не т?с?ну о?ай.	?????? ????????? ???????????? ????? ??? ???? ????	Chet elda o'qish bukletlarini olish va tushunish oson.	
Q82	Study Abroad	likert	"Global Center respects and supports my unique background, identity, and experiences when providing guidance."	"→ 글로벌센터는 안내 과정에서 저의 고유한 배경, 정체성, 경험을 존중하고 지원합니다."	全球中心在提供指??尊重?支持我?特的背景、身?和??。	"Global Center н?с?аулы? берген кезде мен?? ерекше ?м?рбаянымды, жеке басымды ж?не т?ж?рибемд? ??рметтейд? ж?не ?олдайды."	"??????? ??????? ???? ????? ??????, ?????? ??? ????????? ???????? ?????????? ?????? ??? ??? ?????? ????"	"Global markaz ko'rsatmalar berishda mening noyob kelib chiqishim, shaxsiyatim va tajribalarimni hurmat qiladi va qo'llab-quvvatlaydi."	
Q83	Study Abroad	likert	"The online resources (website, portals, etc.) related to exchange programs and dual-degree opportunities are user-friendly and informative."	"→ 교환 및 복수학위 프로그램 관련 온라인 자료(웹사이트, 포털 등)는 사용하기 편리하고 정보가 잘 제공되어 있습니다."	?交?和??位?目相?的?上?料（?站、??等）使用方便且信息充分。	"Алмасу ба?дарламалары мен ?ос диплом м?мк?нд?ктер?не ?атысты онлайн ресурстар (веб-сайт, порталдар ж?не т.б.) пайдаланушы?а ы??айлы ж?не а?паратты?."	"??????? ????????? ??? ?????-?????? ????? ????????? ?????? ??????????? (?????????, ???????, ???????) ???????????-?????? ??? ?????????"	"Almashinuv dasturlari va ikki darajali imkoniyatlar bilan bog'liq onlayn resurslar (veb-sayt, portallar va boshqalar) foydalanuvchilar uchun qulay va ma'lumotli."	
Q84	Study Abroad	text	Additional Comments/Suggestions	→ 추가 의견/제안	其他意?／建?	?осымша п?к?рлер/?сыныстар	???????? ???????/???????	Qo'shimcha izohlar/takliflar	
Q84	Student Services	likert	"When I go to Student Services or contact them, I know who is responsible for what and whom I need to approach to deal with my situation."	"→ 학생서비스센터를 방문하거나 연락할 때, 어떤 업무를 누가 담당하는지, 제 상황을 위해 누구를 찾아가야 하는지 알고 있습니다."	?我前往或?系?生服?中心?，我?楚每???由???，也知道??自己的情?????。	"Студентт?к ?ызметтерге бар?ан кезде немесе олармен байланыс?ан кезде, мен к?м не ?ш?н жауапты екен?н ж?не жа?дайымды шешу ?ш?н к?мге ж?г?ну?м керект?г?н б?лем?н."	"??? ??? ????????? ???????? ??? ?? ????? ???? ??????? ???, ??? ??? ???? ?? ???? ????????? ???????? ???? ???? ????? ??? ??? ???? ??????? ???? ????"	"Talabalar xizmatiga borganimda yoki ular bilan bog'langanimda, kim nima uchun mas'ul ekanligini va vaziyatimni hal qilish uchun kimga murojaat qilishim kerakligini bilaman."	
Q85	Student Services	likert	"The staff in Student Services is approachable, helpful, friendly, professional, and competent."	"→ 학생서비스센터 직원들은 쉽게 다가갈 수 있고, 도움을 잘 주며, 친절하고, 전문적이며 유능합니다."	?生服?中心工作人?平易近人、?于助人、友好??且能力出?。	"Студентт?к ?ызметтердег? ?ызметкерлер ?олжет?мд?, к?мекш?л, досты?, к?с?би ж?не ??зыретт?."	"????????? ??????????? ??????? ???????, ??????, ?????????????, ??????? ??? ?????"	"Talabalar xizmatidagi xodimlar ochiqko'ngil, yordamchi, do'stona, professional va malakali."	
Q86	Student Services	likert	Student Services is committed to multicultural interests.	→ 학생서비스센터는 다문화적 요구와 관심사를 적극적으로 반영하고 있습니다.	?生服?中心??回?多元文化方面的需求??趣。	Студентт?к ?ызметтер к?пм?дениетт? м?дделерге ба?ыттал?ан.	????????? ????????? ???????????? ????????? ????? ????????????????	Talabalar xizmati ko'p madaniyatli manfaatlarga sodiqdir.	
Q87	Student Services	likert	"In case of an emergency, the staff respond quickly and well."	"→ 비상 상황 발생 시, 직원들은 신속하고 적절하게 대응합니다."	?生?急情??，工作人?能?快速?妥善地做出??。	Т?тенше жа?дайда ?ызметкерлер тез ж?не жа?сы жауап беред?.	"????? ???????????, ??????? ????? ??? ??????? ????? ?????"	Favqulodda vaziyatlarda xodimlar tez va yaxshi javob berishadi.	
Q88	Student Services	likert	Financial aid is available for students in the form of scholarships (i.e. merit-based/need-based) and part-time job opportunities.	→ 학생들에게는 성적·필요기반 장학금과 교내외 아르바이트 기회 등 재정 지원이 제공됩니다.	?校??生提供了成?型／需求型??金以及校?外兼?等???助渠道。	"Студенттерге стипендиялар (я?ни, е?бег?не нег?зделген/?ажетт?л?кке нег?зделген) ж?не жартылай ж?мыс уа?ытында ж?мыс ?стеу м?мк?нд?ктер? т?р?нде ?аржылы? к?мек к?рсет?лед?."	????????????? ???? ?????? (?????? ???????-???????/????????-???????) ??? ????????? ?????? ??????? ????? ?????? ??????? ?????? ?????	"Talabalar uchun moliyaviy yordam stipendiyalar (ya'ni, xizmatga asoslangan/ehtiyojga asoslangan) va yarim kunlik ish imkoniyatlari shaklida mavjud."	
Q89	Student Services	likert	"Student Services Department respects and supports my unique background, identity, and experiences when providing guidance."	"→ 학생서비스센터는 상담 및 지원 과정에서 저의 고유한 배경, 정체성, 경험을 존중하고 지원합니다."	?生服?中心在咨??支持?程中尊重?支持我?特的背景、身?和??。	"Студентт?к ?ызметтер б?л?м? мен?? ерекше ?м?рбаянымды, жеке басымды ж?не т?ж?рибемд? ??рметтейд? ж?не басшылы? берген кезде ?олдайды."	"????????? ????????? ????? ???? ????? ??????, ?????? ??? ????????? ???????? ???? ?????????? ?????? ??? ??? ?????? ????"	"Talabalar xizmati bo'limi yo'l-yo'riq ko'rsatishda mening noyob kelib chiqishim, shaxsiyatim va tajribalarimni hurmat qiladi va qo'llab-quvvatlaydi."	
Q90	Student Services	text	Additional Comments/Suggestions	→ 추가 의견/제안	其他意?／建?	?осымша п?к?рлер/?сыныстар	???????? ???????/???????	Qo'shimcha izohlar/takliflar	
Q90	Residence	likert	"When I go to my residence, I know who is responsible for what and whom I need to approach to deal with my situation."	"→ 기숙사에 갈 때, 어떤 업무를 누가 담당하는지, 제 상황을 해결하기 위해 누구를 찾아가야 하는지 알고 있습니다."	?我前往宿舍?，我?楚每?事?由???，也知道?解?自己的??????。	"Мен ?з ?й?ме бар?ан кезде, к?м не ?ш?н жауапты екен?н ж?не жа?дайымды шешу ?ш?н к?мге ж?г?ну?м керект?г?н б?лем?н."	"??? ??? ???? ??????? ???, ??? ??? ???? ?? ???? ????????? ???????? ???? ???? ????? ??? ??? ???? ??????? ???? ????"	"Turar joyimga borganimda, kim nima uchun mas'ul ekanligini va vaziyatimni hal qilish uchun kimga murojaat qilishim kerakligini bilaman."	
Q91	Residence	likert	"The residence staff is approachable, helpful, friendly, professional, and competent."	"→ 기숙사 직원들은 쉽게 다가갈 수 있고, 도움을 잘 주며, 친절하고, 전문적이며 유능합니다."	宿舍工作人?平易近人、?于助人、友好??且能力出?。	"Жата?хана ?ызметкерлер? ?олжет?мд?, к?мекш?л, досты?, к?с?би ж?не ??зыретт?."	"?????? ??????? ???????, ??????, ?????????????, ??????? ??? ??????"	"Turar joyi xodimlari ochiqko'ngil, yordamchi, do'stona, professional va malakali."	
Q92	Residence	likert	I am familiar with the policies governing residence life.	→ 저는 기숙사 생활을 규율하는 규정을 잘 알고 있습니다.	我熟悉管理宿舍生活的各??定。	Мен жата?ханада?ы ?м?рд? реттейт?н саясатпен таныспын.	??? ?????? ???? ????????? ????????? ???? ???????	Men turar joy hayotini tartibga soluvchi siyosatlar bilan tanishman.	
Q93	Residence	likert	Residence rules are decent.	→ 기숙사 규정은 적절하다고 생각합니다.	我??宿舍?章制度是合理的。	Т?ру ережелер? лайы?ты.	?????? ????????? ??????	Turar joy qoidalari yaxshi.	
Q94	Residence	likert	Residence is safe and secure for students.	→ 기숙사는 학생들이 생활하기에 안전하고 보안이 잘 되어 있습니다.	宿舍??生??安全可?，安保措施完善。	Т?ру студенттер ?ш?н ?ау?пс?з ж?не сен?мд?.	????????????? ???? ?????? ????? ?????? ??? ?????????	Talabalar uchun turar joy xavfsiz va ishonchli.	
Q95	Residence	likert	"Residence is clean, comfortable, and adequate enough for students."	"→ 기숙사는 깨끗하고 편안하며, 학생들이 생활하기에 충분한 환경을 제공합니다."	宿舍?境干?舒适，足以?足?生生活需要。	"Т?ру орны таза, жайлы ж?не студенттер ?ш?н жетк?л?кт?."	"?????? ????? ????????, ????????? ??? ????????????? ???? ?????????"	"Turar joy toza, qulay va talabalar uchun yetarli darajada mos."	
Q96	Residence	likert	The residence promotes a friendly and supportive social environment among residents.	→ 기숙사는 입사생들 간에 친근하고 서로를 도와주는 사회적 분위기를 조성합니다.	宿舍?造了友好互助的社交??。	Т?р?ын ?й т?р?ындар арасында досты? ж?не ?олдаушы ?леуметт?к ортаны ?алыптастырады.	?????? ????? ??????????? ????? ????????????? ??? ?????? ??????? ?????? ???? ????	Turar joy aholisi orasida do'stona va qo'llab-quvvatlovchi ijtimoiy muhitni yaratadi.	
Q97	Residence	likert	"Residence regulations respect and support my unique background, identity, and experiences when providing guidance."	"→ 기숙사 규정과 운영은 제 고유한 배경, 정체성, 경험을 존중하고 지원합니다."	宿舍的?章?管理在??中尊重?支持我?特的背景、身?和??。	"Т?р?ын ?й ережелер? мен?? ерекше ?м?рбаянымды, жеке басымды ж?не т?ж?рибемд? ??рметтейд? ж?не басшылы? беред?."	"?????? ?????? ????????? ???? ????? ??????, ?????? ??? ?????????? ?????? ??? ??? ?????? ??? ??? ????????? ?????? ????"	"Turar joy qoidalari mening noyob kelib chiqishim, shaxsiyatim va tajribalarimni hurmat qiladi va ularga yo'l-yo'riq ko'rsatadi."	
Q98	Residence	likert	The price of the residence is reasonable and affordable.	→ 기숙사 비용은 합리적이고 부담할 만한 수준입니다.	宿舍?用合理，??得起。	Т?р?ын ?йд?? ба?асы ?олжет?мд? ж?не ?олжет?мд?.	?????? ?????? ??? ??????????? ??? ?????????	Turar joy narxi o'rtacha va arzon.	
Q99	Residence	text	Additional Comments/Suggestions	→ 추가 의견/제안	其他意?／建?	?осымша п?к?рлер/?сыныстар	???????? ???????/???????	Qo'shimcha fikrlar/takliflar	
Q99	Facilities	likert	Endicott building is well-designed.	→ 엔디컷 건물은 설계가 잘 되어 있습니다.	Endicott ?????合理。	Endicott ?имараты жа?сы жобалан?ан.	??????? ????? ?????????? ?????? ??? ???????	Endicott binosi yaxshi loyihalashtirilgan.	
Q100	Facilities	likert	The building is safe and well-maintained.	→ 건물은 안전하며 관리가 잘 되고 있습니다.	校舍安全且??良好。	?имарат ?ау?пс?з ж?не жа?сы к?т?лген.	????? ?????? ??? ??-???????????? ??? ???????	Bino xavfsiz va yaxshi saqlangan.	
Q101	Facilities	likert	The Internet and Wi-Fi connection in the building is stable and always available.	→ 건물 내 인터넷과 와이파이 연결은 안정적이며 항상 이용할 수 있습니다.	??的??? Wi?Fi ?接?定?且??可用。	?имаратта интернет ж?не Wi-Fi байланысы т?ра?ты ж?не ?р?ашан ?олжет?мд?.	???? ????????? ??? ?????-??? ????? ????????? ??? ?????? ???????	Binoda internet va Wi-Fi ulanishi barqaror va har doim mavjud.	
Q102	Facilities	likert	I can always print and copy without problems.	→ 인쇄와 복사를 하는 데 항상 큰 문제 없이 이용할 수 있습니다.	打印和?印服??乎?未出??重??。	Мен ?р?ашан еш ?иынды?сыз басып шы?ара ж?не к?ш?ре аламын.	??? ?????? ?????? ?????? ?????? ??? ??????? ???? ?????	Men har doim muammosiz chop etishim va nusxalashim mumkin.	
Q103	Facilities	likert	Classroom projectors and computers function properly.	→ 강의실의 프로젝터와 컴퓨터는 잘 작동합니다.	?室里的投影?和???行良好。	Сынып проекторлары мен компьютерлер д?рыс ж?мыс ?стейд?.	?????????? ????????? ??? ????????? ???????? ??? ????	Sinf proyektorlari va kompyuterlar to'g'ri ishlaydi.	
Q104	Facilities	likert	The temperature at Endicott is properly set according to the season.	→ 엔디컷 건물의 실내 온도는 계절에 맞게 적절하게 유지됩니다.	Endicott ??的?度?根据季?被适???。	Endicott-та?ы температура маусым?а с?йкес д?рыс орнатыл?ан.	????????? ????????? ??? ??????? ???????? ??? ??? ????	Endicottdagi harorat fasllarga mos ravishda to'g'ri o'rnatilgan.	
Q105	Facilities	likert	I am aware of where to go in case of medical emergencies.	→ 의료 응급 상황이 발생했을 때 어디로 가야 하는지 알고 있습니다.	我知道在出????急情????去?里。	Медициналы? т?тенше жа?дайлар кез?нде ?айда бару керект?г?н б?лем?н.	??????? ????? ??????????? ?????? ???? ??? ?? ??? ?????	Tibbiy favqulodda vaziyatlarda qayerga borishni bilaman.	
Q106	Facilities	likert	The Endicott facilities are designed with the environment in mind.	→ 엔디컷의 시설은 환경을 고려하여 설계되었습니다.	Endicott 的?施在???充分考?了?境因素。	Endicott нысандары ?орша?ан ортаны ескере отырып жасал?ан.	????????? ?????????? ???????? ??? ?????? ???? ?????? ??? ???????	Endicott inshootlari atrof-muhitni hisobga olgan holda ishlab chiqilgan.	
Q107	Facilities	likert	The Endicott campus is eco-friendly.	→ 엔디컷 캠퍼스는 친환경적입니다.	Endicott 校?是?境友好型校?。	Endicott кампусы экологиялы? таза.	??????? ????????? ?????????????	Endicott kampusi ekologik jihatdan toza.	
Q108	Facilities	text	Additional Comments/Suggestions	→ 추가 의견/제안	其他意?／建?	?осымша п?к?рлер/?сыныстар	???????? ???????/???????	Qo'shimcha izohlar/takliflar	
Q108	"IT Resources: SAIS, SMART, E-Mail & Attendance App"	likert	"The IT resources (SAIS, SMART, e-mail, attendance app) work well together and integrate smoothly with other academic systems."	"→ SAIS, SMART, 이메일, 출결 앱 등 IT 시스템은 서로 잘 연동되며 다른 학사 시스템과도 원활하게 통합됩니다."	SAIS、SMART、?子?件、考勤?用等信息系?之???良好，?能?其他??系???集成。	"IT ресурстары (SAIS, SMART, электронды? пошта, ?атысу ?олданбасы) б?р-б?р?мен жа?сы ж?мыс ?стейд? ж?не бас?а академиялы? ж?йелермен б?ркелк? интеграцияланады."	"???? ??????????? (SAIS, SMART, ?-????, ???????? ?????) ?????? ??????? ??? ??? ??? ???????? ???????? ????????? ???? ???????? ???? ????"	"IT resurslari (SAIS, SMART, elektron pochta, davomat ilovasi) birgalikda yaxshi ishlaydi va boshqa akademik tizimlar bilan muammosiz integratsiyalashadi."	
Q109	"IT Resources: SAIS, SMART, E-Mail & Attendance App"	likert	The attendance application is simple to use and convenient.	→ 출결 애플리케이션은 사용하기 쉽고 편리합니다.	考勤?用操作??、使用方便。	?атысу?а арнал?ан ?осымшаны пайдалану о?ай ж?не ы??айлы.	???????? ?????????????? ??????? ??? ??? ??? ??????????	Davot ilovasidan foydalanish oson va qulay.	
Q110	"IT Resources: SAIS, SMART, E-Mail & Attendance App"	text	Additional Comments/Suggestions	→ 추가 의견/제안	其他意?／建?	?осымша п?к?рлер/?сыныстар	???????? ???????/???????	Qo'shimcha izohlar/takliflar	
Q110	Library	likert	"The library assistants are approachable, helpful, friendly, professional, and competent."	"→ 도서관 직원들은 쉽게 다가갈 수 있고, 도움을 잘 주며, 친절하고, 전문적이며 유능합니다."	???工作人?平易近人、?于助人、友好??且能力出?。	"К?тапхана к?мекш?лер? ашы?, к?мекш?л, мей?р?мд?, к?с?би ж?не б?л?кт?."	"????????? ???????? ???????, ??????, ?????????????, ??????? ??? ?????"	"Kutubxona yordamchilari ochiqko'ngil, yordamchi, do'stona, professional va malakali."	
Q111	Library	likert	"I am familiar with the library location, schedule, and policies."	"→ 저는 도서관의 위치, 운영 시간, 이용 규정을 잘 알고 있습니다."	我熟悉???的位置、?放??和使用?定。	"Мен к?тапхананы? орналас?ан жер?н, кестес?н ж?не ережелер?н жа?сы б?лем?н."	"??? ?????????? ???????, ???????? ??? ????????? ???? ???????"	"Men kutubxonaning joylashuvi, jadvali va qoidalari bilan tanishman."	
Q112	Library	likert	The library hours are convenient for me.	→ 도서관 운영 시간은 저에게 편리합니다.	????放???我???方便。	К?тапхананы? ж?мыс уа?ыты ма?ан ы??айлы.	?????????? ???? ???? ???? ??????????	Kutubxona ish vaqti men uchun qulay.	
Q113	Library	likert	"The library is quiet enough for me to study, read, and do my homework."	"→ 도서관은 공부하고, 책을 읽고, 과제를 하기 충분할 만큼 조용합니다."	???足?安?，适合??、??和完成作?。	"К?тапхана о?у?а, о?у?а ж?не ?й тапсырмасын орындау?а жетк?л?кт? тыныш."	"??????????? ???? ????????, ???? ??? ???? ?????? ??? ???? ???? ?????? ??????"	"Kutubxona o'qish, o'qish va uy vazifamni bajarish uchun yetarlicha tinch."	
Q114	Library	likert	The temperature inside the library was appropriate for the season of the year.	→ 도서관 내부의 온도는 계절에 맞게 적절했습니다.	????部?度?季?相符、令人舒适。	К?тапхана ?ш?ндег? температура жыл мезг?л?не с?йкес келд?.	?????????? ?????? ????????? ????? ???? ???? ??????? ????	Kutubxona ichidagi harorat yilning fasliga mos edi.	
Q115	Library	likert	"The library has a good collection of books, journals, and research material."	"→ 도서관은 도서, 저널, 연구 자료를 잘 갖추고 있습니다."	????藏的??、期刊和?究?料十分?富。	"К?тапханада к?таптарды?, журналдарды? ж?не зерттеу материалдарыны? жа?сы коллекциясы бар."	"??????????? ??, ??????? ??? ?????????? ??????? ???? ???? ?????? ???????"	"Kutubxonada kitoblar, jurnallar va tadqiqot materiallarining yaxshi to'plami mavjud."	
Q116	Library	likert	"Library regulations respect and support my unique background, identity, and experiences when providing guidance."	"→ 도서관 규정과 서비스는 제 고유한 배경, 정체성, 경험을 존중하고 지원합니다."	???的?章和服?在??中尊重?支持我?特的背景、身?和??。	"К?тапхана ережелер? н?с?аулы? берген кезде мен?? ерекше ?м?рбаянымды, жеке басымды ж?не т?ж?рибемд? ??рметтейд? ж?не ?олдайды."	"?????????? ????????? ???? ????? ??????, ?????? ??? ?????????? ?????? ??? ??? ??????? ??? ??? ????????? ?????? ????"	"Kutubxona qoidalari mening noyob kelib chiqishim, shaxsiyatim va tajribamni hurmat qiladi va qo'llab-quvvatlaydi, yo'l-yo'riq ko'rsatadi."	
Q117	Library	likert	Library staff provide effective assistance for research and help with finding academic resources.	→ 도서관 직원들은 연구를 도와주고 학술 자료를 찾는 데 효과적인 도움을 제공합니다.	???工作人?在科?方面?予有效?助，??助我?????源。	К?тапхана ?ызметкерлер? зерттеуге ти?мд? к?мек к?рсетед? ж?не академиялы? ресурстарды табу?а к?мектесед?.	?????????? ??????? ??????? ???? ??????? ??????? ?????? ??? ??? ???????? ????? ????? ???? ??????? ????	Kutubxona xodimlari tadqiqotlar uchun samarali yordam ko'rsatadilar va akademik resurslarni topishda yordam beradilar.	
Q118	Library	likert	The library provides access to specialized databases and technical resources relevant to my field of study.	→ 도서관은 제 전공 분야와 관련된 전문 데이터베이스와 각종 자료에 접근할 수 있도록 지원합니다.	????我提供了???本??相?的各????据?和?料的渠道。	К?тапхана мен?? о?у салама ?атысты мамандандырыл?ан дерек?орлар мен техникалы? ресурстар?а ?ол жетк?зуд? ?амтамасыз етед?.	????????? ???? ????????? ???????? ?????????? ?????????? ??????? ??? ??????????? ??????? ????????? ?????? ????	Kutubxona mening o'qish sohamga tegishli ixtisoslashgan ma'lumotlar bazalari va texnik resurslarga kirish imkonini beradi.	
Q119	Library	text	Additional Comments/Suggestions	→ 추가 의견/제안	其他意?／建?	?осымша п?к?рлер/?сыныстар	???????? ???????/???????	Qo'shimcha izohlar/takliflar	
Q119	Meals	likert	"Cafeteria staff is approachable, helpful, friendly, professional, and competent."	"→ 카페테리아 직원들은 쉽게 다가갈 수 있고, 도움을 잘 주며, 친절하고, 전문적이며 유능합니다."	餐?工作人?平易近人、?于助人、友好??且能力出?。	"Асхана ?ызметкерлер? ашы?, к?мекш?л, мей?р?мд?, к?с?би ж?не б?л?кт?."	"?????????????? ??????? ???????, ??????, ?????????????, ??????? ??? ?????"	"Kafeterya xodimlari ochiqko'ngil, yordamchi, do'stona, professional va malakali."	
Q120	Meals	likert	There is a variety of food available in Cafeteria.	→ 카페테리아에는 다양한 종류의 음식이 제공됩니다.	餐?提供多?多?的食物。	Асханада ?рт?рл? та?амдар бар.	??????????????? ??????? ????? ????? ?????? ?????	Kafeteryada turli xil taomlar mavjud.	
Q121	Meals	likert	The quality of the food available in Cafeteria is adequate.	→ 카페테리아에서 제공되는 음식의 품질은 적절한 편입니다.	餐?提供的食物?量??令人?意。	Асханада ?олжет?мд? та?амдарды? сапасы жетк?л?кт?.	??????????????? ?????? ??????? ??? ?????????	Kafeteryada mavjud bo'lgan taomlarning sifati yetarli.	
Q122	Meals	likert	The price of meals at W16 1st Floor is reasonable.	→ W16 1층 식당의 식사 가격은 합리적입니다.	W16 一?食堂的餐?合理。	W16 1-?абатында?ы тама? ба?асы ?олжет?мд?.	W16 1? ????? ??????? ??? ????????????	W16 1-qavatidagi ovqatlarning narxi o'rtacha.	
Q123	Meals	likert	"Cafeteria staff respects and supports my unique background, identity, and experiences when providing guidance."	"→ 카페테리아 직원들은 안내와 응대 과정에서 저의 고유한 배경, 정체성, 경험을 존중하고 지원합니다."	餐?工作人?在服??程中尊重?支持我?特的背景、身?和??。	"Асхана ?ызметкерлер? н?с?аулы? берген кезде мен?? ерекше ?м?рбаянымды, жеке басымды ж?не т?ж?рибемд? ??рметтейд? ж?не ?олдайды."	"?????????????? ??????? ???? ????? ??????, ?????? ??? ????????? ???????? ?????????? ?????? ??? ??? ?????? ????"	"Kafeterya xodimlari yo'l-yo'riq ko'rsatishda mening noyob kelib chiqishim, shaxsiyatim va tajribalarimni hurmat qiladi va qo'llab-quvvatlaydi."	
Q124	Meals	likert	The food served at W16 1st Floor matches my religious requirements.	→ W16 1층에서 제공되는 음식은 저의 종교적 요구 사항을 충족합니다.	W16 一?提供的餐食能??足我的宗??食要求。	W16 1-?абатында ?сынылатын тама? мен?? д?ни талаптарыма с?йкес келед?.	W16 1? ????? ???????? ????? ???? ??????? ?????????????? ???? ?????	W16 1-qavatida taqdim etiladigan taomlar mening diniy talablarimga mos keladi.	
Q125	Meals	likert	There is a variety of food available in W3 Cafeteria.	→ W3 카페테리아에는 다양한 음식이 제공됩니다.	W3 餐?提供多?多?的食物。	W3 кафетериясында ?рт?рл? та?амдар бар.	W3 ??????????????? ??????? ????? ????? ?????? ?????	W3 Kafeteryasida turli xil taomlar mavjud.	
Q126	Meals	likert	The quality of the food available in W3 Cafeteria is adequate.	→ W3 카페테리아의 음식 품질은 적절합니다.	W3 餐?的食物?量令人?意。	W3 кафетериясында ?сынылатын тама?ты? сапасы жетк?л?кт?.	W3 ??????????????? ?????? ??????? ??? ?????????	W3 Kafeteryasida mavjud bo'lgan taomlarning sifati yetarli.	
Q127	Meals	likert	The price of meals in W3 Cafeteria is reasonable.	→ W3 카페테리아의 식사 가격은 합리적입니다.	W3 餐?的餐?合理。	W3 кафетериясында?ы тама?ты? ба?асы ?олжет?мд?.	W3 ??????????????? ?????? ??????? ??? ????????????	W3 Kafeteryasida ovqatlarning narxi o'rtacha.	
Q128	Meals	likert	"The W3 Cafeteria staff respects and supports my unique background, identity, and experiences when providing guidance."	"→ W3 카페테리아 직원들은 저의 고유한 배경, 정체성, 경험을 존중하고 지원합니다."	W3 餐?工作人?尊重?支持我?特的背景、身?和??。	"W3 кафетериясыны? ?ызметкерлер? мен?? ерекше ?м?рбаянымды, жеке басымды ж?не т?ж?рибемд? ??рметтейд? ж?не ?олдайды."	"W3 ????????????? ??????? ???? ????? ??????, ?????? ??? ?????????? ?????? ??? ??? ?????? ??? ??? ???? ????????? ?????? ????"	"W3 kafeteryasi xodimlari mening noyob kelib chiqishim, shaxsiyatim va tajribamni hurmat qiladi va qo'llab-quvvatlaydi, yo'l-yo'riq ko'rsatadi."	
Q129	Meals	likert	The food served in the W3 Cafeteria matches my religious requirements.	→ W3 카페테리아에서 제공되는 음식은 저의 종교적 요구 사항을 충족합니다.	W3 餐?提供的餐食能??足我的宗??食要求。	W3 кафетериясында ?сынылатын тама? мен?? д?ни талаптарыма с?йкес келед?.	W3 ??????????????? ???????? ????? ???? ??????? ?????? ???? ????	W3 kafeteryasida taqdim etiladigan taom mening diniy talablarimga mos keladi.	
Q130	Meals	likert	"The food served in the Cafeteria at W16 1st Floor is tasty, nutritious, and safe."	→ W16 1층 카페테리아에서 제공되는 음식은 맛있고 영양가 있으며 안전합니다.	W16 一?餐?提供的食物美味、??且安全。	"W16 1-?абатында?ы кафетерияда ?сынылатын тама? д?мд?, ??нарлы ж?не ?ау?пс?з."	"W16 ????? ???? ??????????????? ???????? ????? ????????, ???????? ??? ???????"	"W16 1-qavatidagi kafeteryada taqdim etiladigan taom mazali, to'yimli va xavfsiz."	
Q131	Meals	likert	"The food served in W3 Cafeteria is tasty, nutritious, and safe."	→ W3 카페테리아에서 제공되는 음식은 맛있고 영양가 있으며 안전합니다.	W3 餐?提供的食物美味、??且安全。	"W3 кафетериясында ?сынылатын тама? д?мд?, ??нарлы ж?не ?ау?пс?з."	"W3 ??????????????? ???????? ????? ????????, ???????? ??? ???????"	"W3 kafeteryasida taqdim etiladigan taom mazali, to'yimli va xavfsiz."	
Q132	Meals	text	Additional Comments/Suggestions	→ 추가 의견/제안	其他意?／建?	?осымша п?к?рлер/?сыныстар	???????? ???????/???????	Qo'shimcha izohlar/takliflar	
Q132	Counseling Services	likert	"When I seek counseling services, I know who is responsible and whom I need to approach to deal with my situation."	"→ 상담 서비스를 이용하고자 할 때, 누가 담당자인지, 제 상황을 해결하기 위해 누구를 찾아가야 하는지 알고 있습니다."	?我想使用咨?服??，我?楚?是??人，以及?解?自己的??????。	"Ке?ес беру ?ызметтер?н ?здеген кезде, мен к?мн?? жауапты екен?н ж?не жа?дайымды шешу ?ш?н к?мге ж?г?ну?м керект?г?н б?лем?н."	"??? ??? ?????????? ??????? ???, ??? ??? ???? ?? ????? ??? ???? ????????? ???????? ???? ???? ???? ??? ???? ??????? ??? ?????"	"Men maslahat xizmatlarini qidirganimda, kim mas'ul ekanligini va vaziyatimni hal qilish uchun kimga murojaat qilishim kerakligini bilaman."	
Q133	Counseling Services	likert	I feel safe to be with the school counselor in private.	→ 학교 상담교사와 개인 상담을 할 때 안전하다고 느낍니다.	??校心理咨?老?一?一???，我感到?安全。	Мен мектеп ке?есш?с?мен жеке кездесуге ?ау?пс?з сез?нем?н.	??? ????? ??????????? ???? ??????? ????? ?????? ??? ????	Men maktab maslahatchisi bilan shaxsiy uchrashuvda o'zimni xavfsiz his qilaman.	
Q134	Counseling Services	likert	"The school counselor is approachable, helpful, friendly, professional, and competent."	"→ 학교 상담교사는 쉽게 다가갈 수 있고, 도움을 잘 주며, 친절하고, 전문적이며 유능합니다."	?校心理咨?老?平易近人、?于助人、友好??且能力出?。	"Мектеп ке?есш?с? ?олжет?мд?, к?мекш?л, досты?, к?с?би ж?не ??зыретт?."	"????? ????????? ???????, ??????, ?????????????, ??????? ??? ?????"	"Maktab maslahatchisi ochiqko'ngil, yordamchi, do'stona, professional va malakali."	
Q135	Counseling Services	likert	I am familiar with the counseling schedule and the policies governing student guidance and confidentiality.	→ 저는 상담 일정과 학생 상담 및 비밀보장에 관한 규정을 잘 알고 있습니다.	我熟悉咨???安排以及?于?生咨?和保密的相??定。	Мен ке?ес беру кестес?мен ж?не о?ушылар?а басшылы? пен ??пиялылы?ты реттейт?н саясатпен таныспын.	??? ?????????? ???????? ??? ????????????? ????????? ??? ????????? ?????????????? ????????? ???? ???????	Men maslahat jadvali va o'quvchilarga yo'l-yo'riq ko'rsatish va maxfiylikni tartibga soluvchi siyosatlar bilan tanishman.	
Q136	Counseling Services	likert	The counseling schedule is convenient for me.	→ 상담 일정은 저에게 편리합니다.	咨???安排?我???方便。	Ке?ес беру кестес? ма?ан ы??айлы.	?????????? ???????? ???? ???? ??????????	Maslahat jadvali men uchun qulay.	
Q137	Counseling Services	likert	"The school counselor respects and supports my unique background, identity, and experiences when providing guidance."	"→ 학교 상담교사는 상담 과정에서 제 고유한 배경, 정체성, 경험을 존중하고 지원합니다."	?校心理咨?老?在咨??程中尊重?支持我?特的背景、身?和??。	"Мектеп ке?есш?с? н?с?аулы? берген кезде мен?? ерекше ?м?рбаянымды, жеке басымды ж?не т?ж?рибемд? ??рметтейд? ж?не ?олдайды."	"????? ????????? ???? ????? ??????, ?????? ??? ?????????? ?????? ??? ??? ?????? ??? ??? ???? ????????? ?????? ????"	"Maktab maslahatchisi yo'l-yo'riq ko'rsatishda mening noyob kelib chiqishim, shaxsiyatim va tajribamni hurmat qiladi va qo'llab-quvvatlaydi."	
Q138	Counseling Services	text	Additional Comments/Suggestions	→ 추가 의견/제안	其他意?／建?	?осымша п?к?рлер/?сыныстар	???????? ???????/???????	Qo'shimcha izohlar/takliflar	
Q138	Student Belongingness	likert	I feel that I belong at Endicott.	→ 저는 엔디컷에서 소속감을 느낍니다.	我在 Endicott 感到自己?于?里。	Мен Эндикотта ?з?мд? тиес?л? сез?нем?н.	??? ??? ??? ?? ??? ????????? ????????????	Men Endicottga tegishli ekanligimni his qilaman.	
Q139	Student Belongingness	likert	I feel safe on my campus.	→ 저는 캠퍼스에서 안전하다고 느낍니다.	我在校?里感到安全。	Мен ?з кампусымда ?з?мд? ?ау?пс?з сез?нем?н.	??? ???? ?????????? ?????? ??? ????	Men o'z kampusimda o'zimni xavfsiz his qilaman.	
Q140	Student Belongingness	likert	I feel respected and welcomed on my campus.	→ 저는 캠퍼스에서 존중받고 환영받고 있다고 느낍니다.	我?得自己在校?里受到尊重?被?迎。	Мен ?з кампусымда ?з?мд? ??рметтелген ж?не жылы ?арсы алын?ан сез?нем?н.	??? ???? ?????????? ???????? ??? ?????? ??? ????	Men o'z kampusimda hurmat va kutib olishni his qilaman.	
Q141	Student Belongingness	likert	I feel that diversity is respected at Endicott.	→ 엔디컷에서는 다양성이 존중된다고 느낍니다.	我感到 Endicott 尊重多?性。	Мен Эндикотта ?рт?рл?л?кке ??рметпен ?арайтынымды сез?нем?н.	??? ??? ??? ???????-? ??????????? ?????? ??? ????	Endicottda xilma-xillik hurmat qilinishini his qilaman.	
Q142	Student Belongingness	likert	I feel that Endicott puts a lot of effort into supporting inclusivity.	→ 엔디컷은 포용성을 지원하기 위해 많은 노력을 기울이고 있다고 느낍니다.	我?? Endicott ?促?包容性付出了?多努力。	Мен Эндикотт инклюзивт?л?кт? ?олдау?а к?п к?ш салады деп ойлаймын.	??? ??? ??? ??????? ???????????????? ???????? ?????? ???? ???? ???? ????????? ????	"Menimcha, Endicott inklyuzivlikni qo'llab-quvvatlashga katta kuch sarflaydi."	
Q143	Student Belongingness	likert	I feel that Endicott celebrates diversity through events and activities.	→ 엔디컷은 다양한 행사와 활동을 통해 다양성을 기념한다고 느낍니다.	我?得 Endicott 通?各?活?和事件??祝多?性。	Мен Эндикотт ?рт?рл?л?кт? ?с-шаралар мен ?с-шаралар ар?ылы атап ?тед? деп ойлаймын.	??? ??? ??? ??????? ??????? ???????? ??? ??????????? ??????? ????????? ?????? ????	"Menimcha, Endicott tadbirlar va tadbirlar orqali xilma-xillikni nishonlaydi."	
Q144	Student Belongingness	likert	I feel that students from all backgrounds are equally encouraged to participate in campus activities and leadership opportunities.	→ 엔디컷에서는 모든 배경의 학생들이 캠퍼스 활동과 리더십 기회에 동등하게 참여하도록 권장된다고 느낍니다.	我?得?校鼓??自各?背景的?生平等??校?活?和??机?。	Мен барлы? ортадан шы??ан студенттерд? кампуста?ы ?с-шаралар?а ж?не к?шбасшылы? м?мк?нд?ктер?не ?атысу?а б?рдей ша?ырады деп ойлаймын.	??? ??? ??? ??? ??????? ???????????? ??????????? ????????? ??? ????????? ??????????? ?????????? ???? ???????? ??????? ????	"Menimcha, barcha kelib chiqishi bo'lgan talabalar kampus tadbirlarida va yetakchilik imkoniyatlarida ishtirok etishga teng darajada rag'batlantiriladi."	
Q145	Student Belongingness	likert	I feel that Endicott respects my identity.	→ 엔디컷은 저의 정체성을 존중한다고 느낍니다.	我?得 Endicott 尊重我的?人身?。	Мен Эндикотт мен?? жеке басымды ??рметтейд? деп ойлаймын.	??? ??? ??? ??????? ???? ???????? ?????? ????	"Menimcha, Endicott mening shaxsiyatimni hurmat qiladi."	
Q146	Student Belongingness	likert	I feel that Endicott provides ample opportunities for students to integrate into campus life.	→ 엔디컷은 학생들이 캠퍼스 생활에 잘 적응하고 참여할 수 있도록 충분한 기회를 제공합니다.	我?? Endicott ??生融入校?生活提供了充足的机?。	Мен Эндикотт студенттерге кампус ?м?р?не енуге ке? м?мк?нд?ктер беред? деп ойлаймын.	??? ??? ??? ??????? ????????????? ????????? ????? ?????? ?????? ???? ?????? ????? ?????? ????	"Menimcha, Endicott talabalarga kampus hayotiga integratsiyalashish uchun keng imkoniyatlar yaratadi."	
Q147	Student Belongingness	text	Additional Comments/Suggestions	→ 추가 의견/제안	其他意?／建?	?осымша п?к?рлер/?сыныстар	???????? ???????/???????	Qo'shimcha izohlar/takliflar	
Q147	Extra-curricular Activities	likert	"I am satisfied with Student Council extra-curricular activities available (club activities, excursions, culture day, etc.)."	"→ 학생회에서 제공하는 비교과 활동(동아리, 견학, 문화의 날 등)에 전반적으로 만족합니다."	我??上??生?提供的各??外活?（社?、??、文化日等）感到?意。	"Мен Студенттер ке?ес?н?? ?олжет?мд? сыныптан тыс ?с-шараларына (клубты? ?с-шаралар, экскурсиялар, м?дениет к?н? ж?не т.б.) ?ана?аттанамын."	"??? ????? ??????? ????????? ???????? ????????? (????? ?????????, ?????, ???????? ???? ???????) ????? ?????????"	"Men Talabalar Kengashining mavjud bo'lgan darsdan tashqari mashg'ulotlaridan (klub tadbirlari, ekskursiyalar, madaniyat kuni va boshqalar) mamnunman."	
Q148	Extra-curricular Activities	likert	"I am satisfied with extra-curricular activities available, which will help me gain valuable experience."	→ 제게 가치 있는 경험을 제공하는 비교과 활동들에 만족합니다.	我?那些能?我??????的?外活?感到?意。	"Мен ?олжет?мд? сыныптан тыс ?с-шаралар?а ?ана?аттанамын, б?л ма?ан ??нды т?ж?рибе жинау?а к?мектесед?."	"??? ????????? ???????? ????????? ????? ????????, ?? ????? ???????? ???????? ?????? ??????? ?????"	Men qimmatli tajriba orttirishga yordam beradigan mavjud bo'lgan darsdan tashqari mashg'ulotlardan mamnunman.	
Q149	Extra-curricular Activities	likert	"There is an adequate amount of extra-curricular events held in each semester (competitions, workshops, seminars, etc.)."	"→ 매 학기 열리는 비교과 행사(경진대회, 워크숍, 세미나 등)의 수가 적절하다고 생각합니다."	我??每?期??的?外活?（比?、工作坊、?座等）?量适?。	"?р семестрде жетк?л?кт? м?лшерде сыныптан тыс ?с-шаралар ?тк?з?лед? (бай?аулар, шеберл?к саба?тары, семинарлар ж?не т.б.)."	"????? ?????????? ???????? ??????? ????????? ???????? ???????? (???????????, ????????, ??????? ???????) ???????? ????"	"Har semestrda yetarli miqdorda darsdan tashqari tadbirlar o'tkaziladi (musobaqalar, mahorat darslari, seminarlar va boshqalar)."	
Q150	Extra-curricular Activities	likert	"I am aware of the available extra-curricular events held in each semester (competitions, workshops, seminars, etc.)."	"→ 매 학기 어떤 비교과 행사(경진대회, 워크숍, 세미나 등)가 있는지 잘 알고 있습니다."	我??楚每?期有?些?外活?（比?、工作坊、?座等）。	"Мен ?р семестрде ?тк?з?лет?н сыныптан тыс ?с-шараларды (бай?аулар, шеберл?к саба?тары, семинарлар ж?не т.б.) б?лем?н."	"??? ??????? ?????????? ???????? ???????? ????????? ???????? ???????? (???????????, ????????, ??????? ???????) ???????? ?????"	"Men har semestrda o'tkaziladigan mavjud darsdan tashqari tadbirlar (musobaqalar, mahorat darslari, seminarlar va boshqalar) haqida xabardorman."	
Q151	Extra-curricular Activities	likert	"It is easy to join the extra-curricular events held in each semester (competitions, workshops, seminars, etc.)."	"→ 매 학기 열리는 비교과 행사(경진대회, 워크숍, 세미나 등)에 참여하기가 쉽습니다."	?加每?期??的?外活?（比?、工作坊、?座等）?我???容易。	"?р семестрде ?тк?з?лет?н сыныптан тыс ?с-шаралар?а (бай?аулар, шеберл?к саба?тары, семинарлар ж?не т.б.) ?атысу о?ай."	"??????? ?????????? ???????? ????????? ?????????????? (???????????, ????????, ??????? ???????) ?????? ??? ????"	"Har semestrda o'tkaziladigan darsdan tashqari tadbirlarga (musobaqalar, mahorat darslari, seminarlar va boshqalar) qo'shilish oson."	
Q152	Extra-curricular Activities	likert	"I feel that extra-curricular activities at Endicott are inclusive and welcoming to students from diverse backgrounds (e.g., cultural, linguistic, religious, ability)."	"→ 엔디컷의 비교과 활동은 다양한 배경(문화, 언어, 종교, 장애 등)을 가진 학생들에게 포용적이고 환영하는 분위기라고 느낍니다."	我?得 Endicott 的?外活???有不同文化、?言、宗?和能力背景的?生都具有包容性?且十分友好。	"Мен?? ойымша, Endicott-та?ы сыныптан тыс ?с-шаралар ?рт?рл? ортадан (мысалы, м?дени, т?лд?к, д?ни, ?аб?лет) шы??ан студенттер ?ш?н инклюзивт? ж?не ?она?жай."	"??? ??? ??? ?? ????????? ????????? ???????? ????????????? ??????? ??????? (????, ??????????, ??????, ???????, ??????) ????????????? ???? ???????????????? ??? ????????????"	"Menimcha, Endicottdagi darsdan tashqari mashg'ulotlar turli kelib chiqishi (masalan, madaniy, tilshunoslik, diniy, qobiliyat) bo'lgan talabalar uchun inklyuziv va mehmondo'stdir."	
Q153	Extra-curricular Activities	likert	The workshops and seminars offered as extra-curricular activities are informative and relevant to my academic and professional growth.	"→ 비교과 활동으로 제공되는 워크숍과 세미나는 유익하며, 제 학업 및 진로 성장에 도움이 됩니다."	作??外活?提供的工作坊和?座?容充?，?我的??和???展?有?助。	Сыныптан тыс ?с-шаралар рет?нде ?сынылатын шеберл?к саба?тары мен семинарлар а?паратты? ж?не мен?? академиялы? ж?не к?с?би ?су?ме ?атысты.	????????? ???????? ????????? ?????? ??????? ???????? ??? ??????????? ???????? ??? ???? ???????? ??? ??????? ??????? ???? ???????????	Darsdan tashqari mashg'ulotlar sifatida taklif qilinadigan seminarlar va seminarlar ma'lumotli va mening akademik va professional o'sishimga tegishli.	
Q154	Extra-curricular Activities	likert	I feel that student feedback on extra-curricular activities is taken into account when planning future events.	→ 비교과 활동에 대한 학생 피드백이 이후 행사 계획에 반영된다고 느낍니다.	我?得?校在??后?活???考??生??外活?的反?。	Болаша? ?с-шараларды жоспарлау кез?нде студенттерд?? сыныптан тыс ?с-шаралар туралы п?к?рлер? ескер?лед? деп ойлаймын.	??? ??? ??? ????????? ???????? ????????? ???? ???? ????????? ???????? ????????? ???????? ????????????? ???????????? ??????? ??? ????	Kelajakdagi tadbirlarni rejalashtirishda talabalarning darsdan tashqari mashg'ulotlar haqidagi fikr-mulohazalari hisobga olinadi deb o'ylayman.	
Q155	Extra-curricular Activities	text	Additional Comments/Suggestions	→ 추가 의견/제안	其他意?／建?	?осымша п?к?рлер/?сыныстар	???????? ???????/???????	Qo'shimcha sharhlar/takliflar	
Q155	Employment in Korea	text	Do you wish to find employment in Korea?	→ 한국에서 취업하기를 희망하십니까?	?是否希望在??就?？	Кореяда ж?мыс тап?ы?ыз келе ме?	???? ?? ????????? ??????????? ????? ???? ????	Koreyada ish topmoqchimisiz?	
Q156	Employment in Korea	likert	How would you describe your Korean language proficiency? (TOPIK)	→ 본인의 한국어 능력 수준을 어떻게 설명하시겠습니까? (TOPIK 기준)	?如何描述自己的??能力水平？（以 TOPIK 等???考）	Корей т?л?н б?лу де?гей???зд? ?алай сипаттар ед???з? (TOPIK)	????? ???????? ????? ?????? ?????? ?????? ?????? (?????)	Koreya tilini bilish darajangizni qanday ta'riflaysiz? (TOPIK)	
Q157	Employment in Korea	likert	"Are you aware of the requirements or necessary qualifications for getting a job in Korea? (VISA, Insurance, Tax and etc.)"	"→ 한국에서 취업하기 위해 필요한 조건이나 자격요건(비자, 보험, 세금 등)을 알고 계십니까?"	?是否了解在??就?所需的?件或?格（??、保?、??等）？	"Кореяда ж?мыс?а орналасу ?ш?н талаптар немесе ?ажетт? б?л?кт?л?ктер туралы б?лес?з бе? (VISA, са?тандыру, салы? ж?не т.б.)"	"????????? ????? ??????? ???? ????????????? ?? ??????????? ??????? ???????? ???? ?? ?????? (????, ????, ?? ??? ???????)"	"Koreyada ishga kirish uchun talablar yoki zarur malakalardan xabardormisiz? (VISA, sug'urta, soliq va boshqalar)"	
Q158	Employment in Korea	text	In which field would you like to work?	→ 어떤 분야에서 일하고 싶으십니까?	?希望???事???域的工作？	?ай салада ж?мыс ?стег???з келед??	???? ??? ???????? ??? ???? ????	Qaysi sohada ishlashni xohlaysiz?	
Q159	Employment in Korea	text	What kind of support would you like to receive from Endicott regarding employment?	→ 취업과 관련하여 엔디컷으로부터 어떤 지원을 받고 싶으십니까?	在就?方面，?希望 Endicott ??提供?些支持？	Endicott-тан ж?мыс?а орналасу?а ?атысты ?андай ?олдау ал?ы?ыз келед??	????????????? ?????? ??????? ???? ???? ?? ????? ??????? ???? ????	Endicottdan ishga joylashish borasida qanday yordam olishni xohlaysiz?	
Q160	Employment in Korea	text	Additional Comments/Suggestions	→ 추가 의견/제안	其他意?／建?	?осымша п?к?рлер/?сыныстар	???????? ???????/???????	Qo'shimcha sharhlar/takliflar	
Q160	Frequency Mode	text	"On average, how many times in a semester do you meet your professors in person or through online meetings?"	→ 한 학기 동안 평균 몇 번 정도 교수님들을 대면 또는 온라인으로 만나십니까?	平均??，每?期??老?面?面或在??面的次?是多少？	Орташа есеппен б?р семестрде профессорлары?ызбен ?анша рет жеке немесе онлайн кездесулер ар?ылы кездесес?з?	"????, ???? ?????????? ???? ????? ????? ?????????? ???? ????????????? ?? ?????? ????????? ??????? ???? ?????"	"O'rtacha, semestrda professorlaringiz bilan shaxsan yoki onlayn uchrashuvlar orqali necha marta uchrashasiz?"	
Q161	Frequency Mode	text	"On average, how many times in a semester do you seek the services of the Academic Affairs Office?"	→ 한 학기 동안 평균 몇 번 정도 학사과 서비스를 이용하십니까?	平均??，每?期?使用???服?的次?是多少？	"Орташа есеппен, семестрде Академиялы? ?стер б?л?м?н?? ?ызмет?не ?анша рет ж?г?нес?з?"	"????, ???? ?????????? ???? ????? ???????? ???????????? ?????? ??????? ????"	"O'rtacha, semestrda necha marta Akademik ishlar bo'limi xizmatlariga murojaat qilasiz?"	
Q162	Frequency Mode	text	"On average, how many times in a semester do you access the SMART LMS system?"	→ 한 학기 동안 평균 몇 번 정도 SMART LMS 시스템에 접속하십니까?	平均??，每?期?登? SMART LMS 系?的次?是多少？	"Орташа есеппен, семестрде ?анша рет SMART LMS ж?йес?не к?рес?з?"	"????, ???? ?????????? ???? ????? SMART LMS ??????? ??????? ?????"	"O'rtacha, semestrda necha marta SMART LMS tizimiga ulanasiz?"	
Q163	Frequency Mode	text	"On average, how many times in a semester do you seek the services of Student Services?"	→ 한 학기 동안 평균 몇 번 정도 학생서비스센터 서비스를 이용하십니까?	平均??，每?期?使用?生服?中心服?的次?是多少？	"Орташа есеппен, семестрде ?анша рет Студентт?к ?ызметтерд?? ?ызмет?не ж?г?нес?з?"	"????, ???? ?????????? ???? ????? ????????? ??????????? ??????? ????"	"O'rtacha, bir semestrda Talabalar Xizmatlari xizmatiga necha marta murojaat qilasiz?"	
Q164	Frequency Mode	text	"On average, how many times in a semester do you seek the services of the Counseling Center?"	→ 한 학기 동안 평균 몇 번 정도 상담센터 서비스를 이용하십니까?	平均??，每?期?使用心理咨?中心服?的次?是多少？	"Орташа есеппен, семестрде ?анша рет Ке?ес беру орталы?ыны? ?ызмет?не ж?г?нес?з?"	"????, ???? ?????????? ???? ????? ?????????? ????????? ??????? ????"	"O'rtacha, bir semestrda necha marta Maslahat Markazi xizmatiga murojaat qilasiz?"	
Q165	Frequency Mode	text	Additional Comments/Suggestions	→ 추가 의견/제안	其他意?／建?	?осымша п?к?рлер/?сыныстар	???????? ???????/???????	Qo'shimcha izohlar/takliflar	
Q165	At a Glance	likert	"So far, Endicott has met all of my expectations."	→ 지금까지 엔디컷은 저의 기대를 모두 충족시켜 주었습니다.	到目前?止，Endicott 在各方面都符合我的期望。	?аз?рг? уа?ытта Endicott мен?? барлы? ?м?ттер?мд? а?тады.	"??? ???????, Endicott ???? ????? ????????? ???? ??????"	Hozircha Endicott mening barcha kutganlarimni oqladi.	
Q166	At a Glance	likert	I would recommend Endicott to my family and friends.	→ 저는 엔디컷을 가족과 친구들에게 추천하고 싶습니다.	我愿意向家人和朋友推? Endicott。	Мен Endicott-ты отбасым мен достарыма ?сынар ед?м.	??? ???? ?????? ??? ???????? ???? Endicott-?? ??????? ????	Men Endicottni oilam va do'stlarimga tavsiya qilaman.	
Q167	At a Glance	likert	I believe that Endicott has a strong reputation both in Korea and internationally.	→ 엔디컷은 한국 내뿐 아니라 국제적으로도 높은 명성을 갖고 있다고 믿습니다.	我?? Endicott 不?在??，在??上也享有?高的??。	"Мен Endicott-ты? Кореяда да, халы?аралы? де?гейде де беделд? деп санаймын."	??? ??????? ??? ?? Endicott-?? ??????? ??? ??????????????? ???? ????????? ???? ????????? ?????? ???????	"Men Endicottning Koreyada ham, xalqaro miqyosda ham kuchli obro'ga ega ekanligiga ishonaman."	
Q168	At a Glance	likert	Endicott has created a strong sense of community and belonging for its students.	→ 엔디컷은 학생들에게 강한 공동체 의식과 소속감을 형성해 주었습니다.	Endicott ??生?造了强烈的社?意?和??感。	Endicott студенттер? ?ш?н ?о?амдасты? пен тиес?л?л?к сез?м?н ?алыптастырды.	???????? ??? ????????????? ???? ?????????? ??? ?????????? ???? ????????? ??????? ???? ??????	Endicott o'z talabalarida kuchli hamjamiyat va tegishlilik tuyg'usini yaratdi.	
Q169	At a Glance	text	Additional Comments/Suggestions	→ 추가 의견/제안	其他意?／建?	?осымша п?к?рлер/?сыныстар	???????? ???????/???????	Qo'shimcha izohlar/takliflar	
